Staatl. Schulamt,Landkreis/ kreisfr. Stadt,Schulart/ Org.form,Dst-Nr.:,Schulname,Plz,Ort,"Straße, Haus-Nr.",Telefon,Telefax,E-Mail,Homepage,Schulleitung
RO,HRO,GS,75130301,"Grundschule ""Heinrich Heine"", Rostock",18119,Rostock,Heinrich-Heine-Straße 3,0381/52607,0381/3755641,grs.heine@t-online.de,www.gs-heinrich-heine-warnemuende.de ,"Plaumann, Judith"
RO,HRO,GS,75130302,"Grundschule ""Lütt Matten"", Rostock",18107,Rostock,Turkuer Straße 59 a,0381/713030,0381/1284843,grundschule-LM@t-online.de,www.gs-luett-matten.repage5.de ,"Goldboom, Hanka"
RO,HRO,GS,75130303,"Grundschule ""Kleine Birke"", Rostock",18107,Rostock,Kopenhagener Straße 3,0381/711123,0381/7787404,sekretariat-1302@t-online.de,,"Lorenz, Ines"
RO,HRO,GS,75130305,"Grundschule ""Am Mühlenteich"", Rostock",18106,Rostock,M.-Gorki-Straße 69,0381/7998603,0381/1284968,grs-am-muehlenteich-hro-sl@t-online.de,www.gs-muehlenteich.repage2.de ,"Heinz, Susanne"
RO,HRO,GS,75130306,"Grundschule Schmarl, Rostock",18106,Rostock,St.-Jantzen-Ring 5,0381/1200917,0381/1217142,sl-grundschule-schmarl@t-online.de,,"Kelsch, Martina"
RO,HRO,GS,75130308,"Grundschule ""Am Taklerring"", Rostock",18109,Rostock,Taklerring 44,0381/1201063,0381/1215518,grundschule-taklerring-rostock@t-online.de,,"Babbe, Heike"
RO,HRO,GS,75130311,"St. Georg-Grundschule, Rostock",18055,Rostock,St.-Georg-Straße 63c,0381/38141260,0381/38141263,st.georg-schule-hro@t-online.de,www.stgeorg-grundschule.de ,"Tritten, Dagmar"
RO,HRO,GS,75130312,"Grundschule am Margaretenplatz, Rostock",18057,Rostock,Barnstorfer Weg 21a,0381/4923583,0381/2032809,grundschule-am-margaretenplatz@t-online.de,,"Beckmann, Ramona"
RO,HRO,GS,75130313,"""Werner-Lindemann-Grundschule"", Rostock",18057,Rostock,Elisabethstraße 27,0381/38141081,0381/38141083,Werner-Lindemann-Grundschule@t-online.de,www.lindemann-schule.de ,"Masur, Torsten"
RO,HRO,GS,75130314,"Grundschule ""Juri-Gagarin"", Rostock",18059,Rostock,Joseph-Herzfeld-Straße  19,0381/4010033,0381/4010034,GSGagarin-hro@t-online.de,www.grundschule-juri-gagarin.de ,"Döring, Angelika"
RO,HRO,GS,75130318,"Grundschule ""Ostseekinder"", Rostock",18146,Rostock,W.-Butzek-Straße 23,0381/6864982,0381/6864879,grundschule1919@t-online.de,,"Ritter, Christina"
RO,HRO,GS,75130326,"""Grundschule an den Weiden"",  Rostock-Toitenwinkel",18147,Rostock,P.-Picasso-Straße 44,0381/697093,0381/6668062,grs1924@t-online.de,www.grundschule-toitenwinkel.de ,"Pohl, Thomas"
RO,HRO,GS,75130327,"Grundschule ""Rudolf Tarnow"", Rostock",18109,Rostock,Ratzeburger Straße 9,0381/715101,0381/4405810,info@tarnowschule.de,www.tarnowschule.de ,"Lettrari-Burtzlaff, Renate"
RO,HRO,GS,75130342,"Grundschule ""John Brinckman"", Rostock",18055,Rostock,V.-Grip-Weg 10a,0381/695425,0381/3643332,catrin.leiding@grundschule-brinckmansdorf.de,www.grundschule-brinckmansdorf.de,"Leiding, Catrin"
RO,HRO,GS,75130343,"Gehlsdorfer Grundschule, Rostock",18147,Rostock,Pressentinstraße 82,0381/699276,0381/6664522,gehlsdorfer-gs@gmx.de,www.grundschule-gehlsdorf.de,"Braun, Birgitt"
RO,HRO,GS,75130357,"""Türmchenschule""  Reutershagen, Grundschule",18069,Rostock,J.-Schehr-Straße 10,0381/82013,0381/1288834,tuermchenschule-hro@t-online.de,www.tuermchenschule-hro.de,"Schwerdtfeger, Silke"
RO,HRO,GS,75130358,"Grundschule Reutershagen ""Nordwindkinner""",18069,Rostock,Mathias-Thesen-Straße 17,0381/8087463,0381/8087464,gs-reutershagen@t-online.de,www.grundschule-nordwindkinner.de,"Wegehaupt, Birgit"
RO,HRO,FöL,75230378,"""Schule am Schäferteich"" - Schule mit dem Förderschwerpunkt Lernen - Regionales Förderzentrum Toitenwinkel",18147,Rostock,Pablo-Picasso-Straße 45,0381/690283,0381/6664967,sl-rfz-toitenwinkel@t-online.de,www.schule-am-schaeferteich.de,"Halt, Christiane"
RO,HRO,FöL,75230379,Förderzentrum am Schwanenteich - Schule mit dem Förderschwerpunkt Lernen,18069,Rostock,Kuphalstraße 78,0381/82370,0381/8087337,schuleamschwanenteich@t-online.de,www.schuleamschwanenteich.de,"Altenkirch, Birgit"
RO,HRO,FöKr,75230380,"""Heinrich-Hoffmann-Schule"" - Schule mit dem Förderschwerpunkt Unterricht kranker Schülerinnen und Schüler",18147,Rostock,Gehlsheimer Straße 20,0381/6707150,0381/6707152,schule-fuer-kranke-hro@freenet.de,,"Burgert, Michael"
RO,HRO,FöL,75230381,Förderzentrum an der Danziger Straße - Schule mit dem Förderschwerpunkt Lernen,18107,Rostock,Danziger Straße 45,0381/713045,0381/7787239,foez.danziger-strasse@t-online.de,www.foerderzentrum-danzigerstr.de,"Moscha, Regina"
RO,HRO,FöSp,75230383,"""Schule am Alten Markt"" - Schule mit dem Förderschwerpunkt Sprache",18055,Rostock,Alter Markt 1,0381/4008350,0381/38141033,shfz-rostock@t-online.de,www.sprachheilschule-rostock.de,"Westphal, Beate"
RO,HRO,FöK/GS,75230384,Schulzentrum Paul-Friedrich-Scheel-Schule - Schule mit dem Förderschwerpunkt körperliche und motorische Entwicklung und Grundschulteil,18059,Rostock,Semmelweisstraße 3,0381/440340,0381/4403422,paulfriedrichscheel@gmx.de,www.scheel-schule.de,"Hentzschel, Andrea"
RO,HRO,FöG,75230385,"""Warnowschule Rostock"" Schule mit dem Förderschwerpunkt geistige Entwicklung
Schule zur individuellen Lebensbewältigung Rostock",18107,Rostock,Helsinkier Straße 20,0381/711429,0381/2074940,warnowschule-rostock@t-online.de,,"Roeper, Bianca"
RO,HRO,FöV,75230388,Förderzentrum am Wasserturm - Schule mit dem Förderschwerpunkt emotionale und soziale Entwicklung,18055,Rostock,Blücherstraße 42,0381/712288,0381/2079727,schule-am-wasserturm@gmx.de,,"Schrötter, Silvia"
RO,HRO,KGS,75330361,"Schulcampus Evershagen, Kooperative Gesamtschule",18106,Rostock,Thomas-Morus-Straße 1-3,0381/7998861,0381/7998862,kontakt@schulcampus-rostock.de,www.schulcampus-rostock.de,"Tuschner, Gerald"
RO,HRO,IGS,75330372,"Integrierte Gesamtschule ""Borwinschule""",18057,Rostock,Am Kabutzenhof 8,0381/2003553,0381/38141041,sekretariat1.borwinschule@rostock.de,www.borwinschule.de,"Both, Uwe"
RO,HRO,IGS,75330374,"Hundertwasser-Gesamtschule Rostock, Integrierte Gesamtschule",18109,Rostock,Sternberger Straße 10,0381/711173,0381/7691122,o.meyer@hundertwasser-gesamtschule.de,www.hundertwasser-gesamtschule.de,"Meyer, Olaf"
RO,HRO,IGS/RegS i.A.,75330391,"""Baltic-Schule"" Toitenwinkel
Integrierte Gesamtschule mit Regionaler Schule im Aufbau",18147,Rostock,P.-Picasso-Straße 43,0381/697092,0381/6664536,schulleitung@igs-baltic-schule.de,www.igs-baltic-schule.de,"Häupl, Almut"
RO,HRO,KGS,75330392,"Gesamtschule Südstadt, Kooperative Gesamtschule",18059,Rostock,Mendelejewstraße 12a,0381/4048000,0381/40480014,kgs.hro@t-online.de,www.kooperative-gesamtschule-südstadt.de,"Roscher, Marion"
RO,HRO,IGS/GS,75330393,"Jenaplanschule Rostock, Integrierte Gesamtschule mit Grundschule",18055,Rostock,Lindenstraße 3a,0381/2007523,0381/38141091,jps-hro@gmx.de,www.jenaplan-rostock.de,"Plant, Martin"
RO,HRO,RegS,75430337,"Regionale Schule ""Heinrich-Schütz"", Rostock",18069,Rostock,H.-Schütz-Straße 10a,0381/83910,0381/8002374,schulleiter-schuetz@t-online.de,www.schuetz-schule-rostock.de,"Baumert, Torsten"
RO,HRO,RegS,75430348,"Regionale Schule ""Störtebeker-Schule"", Rostock",18109,Rostock,Taklerring 43,0381/1200928,0381/1215933,stoertebeker-schule-rostock@t-online.de,www.regionale-stoertebeker-schule.de,"Elstner, Sieglinde"
RO,HRO,RegS,75430353,"Regionale Schule ""Nordlicht-Schule"", Rostock",18109,Rostock,Ratzeburger Straße 9,0381/711066,0381/2074355,Nordlicht-Schule@t-online.de,www.nordlicht-schule.de,"Müller, Nico"
RO,HRO,RegS,75430355,"Regionale Schule ""Otto-Lilienthal-Schule"", Rostock",18147,Rostock,B.-von-Suttner-Ring 1 a,0381/609500,0381/6095040,sekretariat@lilienthalschule.de,www.lilienthalschule.de,"Plattner, Stefan"
RO,HRO,RegS,75430376,"Krusensternschule Rostock, Regionale Schule",18106,Rostock,St.-Jantzen-Ring 6,0381/1214284,0381/1214286,krusensternschule@web.de,www.krusensternschule.de,"Bernhardt, Cornelia"
RO,HRO,Gy,75530359,Erasmus-Gymnasium Rostock,18107,Rostock,Kopenhagener Straße 3,0381/7998821,0381/7998754,leitung@erasmus-gymnasium-rostock.de,www.erasmus-ganztagsgymnasium.de,"Schröder, Bert"
RO,HRO,Gy,75530363,Gymnasium Reutershagen,18069,Rostock,Mathias-Thesen-Straße 17,0381/82060,0381/8087473,sekretariat@gymnasium-reutershagen.de,www.gymnasium-reutershagen.de,"Preiss, Susanne"
RO,HRO,Gy,75530365,Innerstädtisches Gymnasium Rostock,18055,Rostock,Goetheplatz 5,0381/38141010,0381/38141013,Sekretariat1.isg@rostock.de,www.isg-rostock.de,"Döring, Thomas"
RO,HRO,Gy,75530369,Käthe-Kollwitz-Gymnasium Rostock,18146,Rostock,Heinrich-Tessenow-Straße 47,0381/609510,0381/6095139,info@musikgymnasium-kkg-rostock.de,www.musikgymnasium-kkg-rostock.de,"Zinkann, Achim"
RO,HRO,Agy,75530390,Abendgymnasium Rostock,18055,Rostock,Goetheplatz 5,0381/38141020,0381/38141023,sekretariat.abendgymnasium@rostock.de,www.abendgymnasiumrostock.de,"Wasser, Ulrike"
RO,LRO,GS,75135101,Lessing-Grundschule Bad Doberan,18209,Bad Doberan,Beethovenstraße 3,038203/742290,038203/742299,Lessing-Grundschule-DBR@t-online.de,www.lessing-grundschule-baddoberan.de,"Wolff, Hedda"
RO,LRO,GS,75135102,Grundschule Bentwisch,18182,Bentwisch,Stralsunder Straße 58,0381/66673855,0381/66673884,info@grundschule-bentwisch.de,www.grundschule-bentwisch.de,"Lübke, Kerstin"
RO,LRO,GS,75135105,Grundschule Dummerstorf,18196,Dummerstorf,Am Feldrain 16,038208/280,038208/82548,gs-dummerstorf@gmx.de,,"Specht, Ulrike"
RO,LRO,GS,75135107,"""Ostsee-Grundschule""  Graal-Müritz",18181,Graal-Müritz,Ostseering 24,038206/77288,038206/78192,gs-graal-mueritz@t-online.de,,"Möller, Carmen"
RO,LRO,GS,75135109,"Grundschule ""Am Mühlenberg"" Kröpelin",18236,Kröpelin,Schulstraße 1,038292/79846,038292/79847,koppelschule.kroepelin@t-online.de,www.grundchule-kroepelin.de,"Jürgens, Manuela"
RO,LRO,GS,75135111,"Grundschule ""Fritz Reuter"" Kühlungsborn",18225,Kühlungsborn,Hermannstraße 9,038293/7767,038293/877295,grundschule-kborn@t-online.de,www.grundschule-kborn.de,"Rohde, Heike"
RO,LRO,GS,75135113,"Grundschule ""Am Hellbach"", Neubukow",18233,Neubukow,Panzower Weg 23a,038294/78422,038294/16559,Grundschule-Neubukow@t-online.de,www.grundschule-neubukow.de,"Zühlsdorf, Kirstin"
RO,LRO,GS,75135114,"Grundschule "" De Likedeeler"", Rövershagen",18182,Rövershagen,Schulstraße 6,038202/2096,038202/44577,info@grundschule-likedeeler.de,,"Weidemann, Jutta"
RO,LRO,GS,75135116,Grundschule Lichtenhagen-Dorf,18107,Lichtenhagen,Dorfstraße 40,0381/717125,0381/7955281,gs.lichtenhagen-dorf.mv@t-online.de,www.grundschule-lichtenhagen.de,"Adam, Ute"
RO,LRO,GS,75135117,Grundschule Sanitz,18190,Sanitz,Groß Lüsewitzer Weg 5,038209/290,038209/875028,grundschule-sanitz@t-online.de,www.grundschule-sanitz.de,"Schaffus, Elke"
RO,LRO,GS,75135119,"Grundschule an der Recknitz, Tessin",18195,Tessin,Lange Straße 44,038205/13204,038205/13204,grundschule-tessin@web.de,,"Schulz, Ina"
RO,LRO,GS,75135121,Grundschule Blankenhagen,18182,Blankenhagen,Schulweg 5,038201/847,038201/60649,grundschuleblankenhagen@web.de,www.gs-blankenhagen.de,"Fröhlich, Katy"
RO,LRO,GS,75135125,Grundschule Parkentin,18209,Parkentin,Rostocker Straße 22,038203/63763,038203/735257,schule-parkentin@t-online.de,,"Habenicht, Martina"
RO,LRO,GS,75135137,"Grundschule an der Carbäk, Broderstorf",18184,Broderstorf,An der Schule 32,038204/15235,038204/15235,grundschule@amtcarbaek.de,,"Käning, Volker"
RO,LRO,GS,75135138,Regenbogenkinder Grundschule Kritzmow,18198,Kritzmow,Schulweg 1d,038207/769850,038207/769851,schule.kritzmow@t-online.de,www.regenbogenkinder.grundschule-kritzmow.de,"Vogg, Siegrid"
RO,LRO,GS,75135140,Grundschule Rerik,18230,Rerik,Kröpeliner Straße 5,038296/78237,038296/78235,gs-rerik@t-online.de,www.grundschule-rerik.de,"Ruwolt, Karin"
RO,LRO,GS,75135304,"Grundschule und Freizeithaus am Schlossplatz, Bützow",18246,Bützow,Schlossplatz 3,038461/52006,038461/911280,schulleitung1108@hotmail.de,,"Beuster, Silke"
RO,LRO,GS,75135306,"Grundschule ""Johann Wolfgang von Goethe"", Gnoien",17179,Gnoien,Teterower Straße 11 b,039971/12239,039971/30610,grundschule-gnoien@t-online.de,www.grundschule-gnoien.de,"Wippich, Angela"
RO,LRO,GS,75135309,"2. GS ""Fritz Reuter"", Güstrow",18273,Güstrow,Wendenstraße 14,03843/213015,03843/218666,schmeling.fritz-reuter-gs@freenet.de,www.fritz-reuter-schule-guestrow.de,"Vieroth, Torsten"
RO,LRO,GS,75135310,"1. GS ""G. F. Kersting"", Güstrow",18273,Güstrow,Heiligengeisthof 4,03843/682304,03843/680627,Sekretariat.kersting-gs@freenet.de,,"Grothe, Ralph-Peter"
RO,LRO,GS,75135317,Grundschule Teterow,17166,Teterow,Schulkamp 5,03996/120640,03996/152853,grundschule@teterow.de,www.grundschule-teterow.de,"Wagner, Simone"
RO,LRO,GS,75135331,"Grundschule am Schmooksberg, Diekhof",18299,Diekhof,Karl-Hawermann-Straße 12b,038455/20654,038455/20664,schule-am-schmooksberg@t-online.de,,"Grothe, Ralph-Peter"
RO,LRO,GS,75135335,"3. GS ""Schule am Hasenwald"", Güstrow",18273,Güstrow,Hafenstraße 13,03843/684046,03843/683074,schuleamhasenwald-gue@freenet.de,,"Wolf, Diana"
RO,LRO,GS,75135343,Grundschule Lüssow,18276,Lüssow,Schwaaner Straße 38,03843/214195,03843/219639,grundschule.luessow@t-online.de,,"Schlesiger, Roswitha"
RO,LRO,GS,75135347,Grundschule Warnow,18249,Warnow,Mühlenstraße 84,038462/24248,038462/28244,schule_warnow_gs@t-online.de,,"Wildermuth, Ellen"
RO,LRO,FöL,75235147,Schule mit dem Förderschwerpunkt Lernen Bad Doberan,18209,Bad Doberan,Bollhäger Weg 2,038203/62575,038203/14606,foerderzentrum-bad-doberan@web.de,www.foerderzentrum-doberan.de,"Mers, Annett"
RO,LRO,FöL/FöG,75235148,Schule mit den Förderschwerpunkten Lernen und geistige Entwicklung Graal-Müritz,18181,Graal-Müritz,Dr.-Leber-Straße 14,038206/772 12,038206/77813,afs-graal-mueritz@t-online.de,,"Möller, Anja"
RO,LRO,FöG,75235151,Schule mit dem Förderschwerpunkt geistige Entwicklung Bad Doberan,18209,Bad Doberan,Ehm-Welk-Straße 26,038203/65202,038203/735254,Regenbogenschule-dbr@gmx.de,,"Kraatz, Bärbel"
RO,LRO,FöL,75235355,Förderzentrum Bützow - Schule mit dem Förderschwerpunkt Lernen,18246,Bützow,Dr.-Winckler-Straße,038461/69013,038461/69015,foerderzentrum-buetzow@t-online.de,,"Rösel, Ada"
RO,LRO,FöL,75235357,Schule mit dem Förderschwerpunkt Lernen,18273,Güstrow,Ahornpromenade 1,03843/331044,03843/245443,allg.foerderschule-guestrow@t-online.de,www.foerderschule-guestrow.de,"Rösel, Ada"
RO,LRO,FöL/FöG,75235358,Schule mit den Förderschwerpunkten Lernen und geistige Entwicklung,17166,Teterow,Niels-Stensen-Straße 4,03996/172065,03996/140729,foerderzentrum-teterow@t-online.de,,"Schmidt, Thomas"
RO,LRO,FZH,75235359,"Landesförderzentrum für den Förderschwerpunkt ""Hören"" M-V",18273,Güstrow,Plauer Chaussee 6,03843/83130,03843/831326,sekretariat@lfz-hoeren-mv.de,www.lfz-hoeren-mv.de,"Fischer, Gudrun"
RO,LRO,KGS,75335143,"""Schulzentrum Kühlungsborn""
Verb. Regionale Schule und Gymnasium",18225,Kühlungsborn,Neue Reihe 73a,038293/7292,038293/14844,info@schulzentrum-kborn.de,www.schulzentrum-kborn.de,"Schmidt, Ute"
RO,LRO,KGS,75335145,Verb. Regionalschule und Gymnasium Rövershagen - Europaschule,18182,Rövershagen,Köhlerstrat 9,038202/36116,038202/36117,gymroev@t-online.de,www.rsg-roev.de,"Wolk, Christine"
RO,LRO,KGS/GS,75335321,"RecknitzCampus Laage, Kooperative Gesamtschule mit Grundschule ",18299,Laage,Schulstraße 13,038459/66780,038459/667829,mail@recknitzcampus.de,www.recknitzcampus.de,"Kaleun, Brit"
RO,LRO,RegS,75435123,Regionale Schule Dummerstorf,18196,Dummerstorf,Am Feldrain 16,038208/594,038208/60207,Regionale.Schule.Dummerstorf@t-online.de,www.regionale-schule-dummerstorf.de,"Porteck, Jens"
RO,LRO,RegS/GS,75435126,Regionale Schule mit Grundschule Rethwisch,18211,Rethwisch,Schulstraße 5,038203/81130,038203/81130,conventer-schule@t-online.de,www.schule-rethwisch.de,"Lemke, Elke"
RO,LRO,RegS,75435130,"Regionale Schule ""Heinrich Schliemann""",18233,Neubukow,Panzower Weg 38,038294/78257,038294/78870,mail@schliemannschule.de,www.schliemannschule.de,"Pakulat, Sabine"
RO,LRO,RegS,75435131,Regionale Schule Sanitz,18190,Sanitz,John-Brinckman-Straße 16,038209/241,038209/49868,schulleitung@RegionaleSchuleSanitz.de,www.RegionaleSchuleSanitz.de,"Welk, Gisela"
RO,LRO,RegS/GS,75435132,Regionale Schule mit Grundschulteil Schwaan,18258,Schwaan,Rudolf-Breitscheid-Straße 16,03844/813695,03844/813736,regionale-schule@schwaan.info,www.schule-schwaan.de,"Pabusch, Hans-Ulrich"
RO,LRO,RegS,75435133,"Regionale Schule ""Anne Frank"", Tessin",18195,Tessin,St. Jürgen-Straße 61,038205/13323,038205/78702,regionale-schule@tessin.de,www.anne-frank-schule-tessin.de,"Ziolkowski, Ulrich"
RO,LRO,RegS,75435135,"Regionale Schule ""Am Kamp"", Bad Doberan",18209,Bad Doberan,Beethovenstraße 1,038203/62062,038203/736683,regionale-schule-am-kamp@t-online.de,www.kampschule.de,"Gesicki, Andreas"
RO,LRO,RegS/GS,75435136,"Regionale Schule mit Grundschule  Buchenberg, Bad Doberan",18209,Bad Doberan,Ehm-Welk-Straße 24,038203/65206,038203/734593,buchenbergschule@t-online.de,,"Thietke, Herbert"
RO,LRO,RegS/GS,75435139,"Regionale Schule mit Grundschule ""Warnowschule"", Papendorf",18059,Papendorf,Schulstraße 5,0381/4000355,0381/4003902,info@warnowschule.de,www.warnowschule.de,"Willert, Brigitte"
RO,LRO,RegS/GS,75435141,"Regionale Schule mit Grundschule ""Schule am See"", Satow",18239,Satow,Seestraße 9,038295/77790,038295/777914,info@schule-satow.de,www.schule-satow.repage8.de,"Walter, Heike"
RO,LRO,RegS,75435320,"Käthe-Kollwitz-Schule, Regionale Schule, Bützow",18246,Bützow,Dr.-Winkler-Straße 1,038461/2396,038461/52295,regionale-schule-buetzow@t-online.de,,"Radziwolek, Gudrun"
RO,LRO,RegS,75435322,"2. Regionale Schule ""Richard Wossidlo"", Güstrow",18273,Güstrow,Trotschestraße 8,03843/681093,03843/680633,sekretariat@wossidloschule-guestrow.de,www.wossidloschule-guestrow.de,"Jahnke, Sabine"
RO,LRO,RegS,75435328,"Warbel-Schule Gnoien, Regionale Schule",17179,Gnoien,Schützenplatz 10,039971/12117,039971/30611,regs-gnoien@web.de,www.warbel-schule-gnoien.de,"Schlaak, Karsten"
RO,LRO,RegS/GS,75435330,Regionale Schule mit Grundschule Bernitt,18249,Bernitt,Schulstraße 7,038464/20250,038464/22858,info@schule-bernitt.de,www.schule-bernitt.de,"Murk, Mirko"
RO,LRO,RegS/GS,75435333,"5. Regionale Schule ""Schule am Inselsee"", Güstrow",18273,Güstrow,Werner-Seelenbinder-Straße 1,03843/331142,03843/344567,Schuleaminselsee-gue@freenet.de,www.schule-am-inselsee.de,"Herrmann, Irmtraud"
RO,LRO,RegS,75435334,"3. Regionalschule ""Thomas Müntzer"", Güstrow",18273,Güstrow,Wendenstraße 13,03843/214075,03843/211123,thomas.muentzer@freenet.de,www.thomas-muentzer-schule-guestrow.de,"Siegesmund, Manuela"
RO,LRO,RegS/GS,75435338,"Johann-Heinrich-von-Thünen-Schule 
Regionale Schule mit Grundschule, Jördenstorf",17168,Jördenstorf,Klenzer Weg 6,039977/30224,039977/30314,rs-joerdenstorf@t-online.de,,"Görke, Jens"
RO,LRO,RegS/GS,75435339,Regionale Schule Krakow am See mit Grundschule,18292,Krakow am See,Dobbiner Chaussee 7,038457/22241,038457/22242,buero@schule-kas.de,www.schule-kas.de,"Watzke, Heike"
RO,LRO,RegS/GS,75435341,"Johann-Pogge-Schule, Regionale Schule mit Grundschule, Lalendorf",18279,Lalendorf,Schulstraße 15,038452/20241,038452/22347,schule-lalendorf@t-online.de,www.schule-lalendorf.de,"Ackermann, Ortwin"
RO,LRO,RegS,75435346,Regionale Schule Teterow,17166,Teterow,Straße der Freundschaft 5,03996/158600,03996/158618,reg-schule@teterow.de,www.teterow.de,"Herz, Dagmar"
RO,LRO,RegS/GS,75435348,Regionale Schule mit Grundschule Zehna,18276,Zehna,Dorfstraße 49,038458/20214,038458/20234,zehna-schule@t-online.de,www.schule-zehna.de,"Hill, Karsten"
RO,LRO,Gy,75535142,"Friderico-Francisceum, Gymnasium Bad Doberan",18209,Bad Doberan,Alexandrinenplatz 11,038203/62395,038203/17149,mail@ffg-dbr.de,www.ffg-dbr.de,"Hacker, Birgit"
RO,LRO,Gy,75535146,Gymnasium Sanitz,18190,Sanitz,Groß Lüsewitzer Weg 4,038209/80492,038209/80493,post@gymnasium-sanitz.de,www.gymnasium-sanitz.de,"Schulz, Angela"
RO,LRO,Gy,75535349,Geschwister-Scholl-Gymnasium Bützow,18246,Bützow,Dr.-Winckler-Straße,038461/4301,038461/52295,Gymn_Buetzow@yahoo.de,www.Gymnasiumbuetzow.de,"Samland, Birgit"
RO,LRO,Gy,75535351,"Gymnasium ""John Brinckman"", Güstrow",18273,Güstrow,Am Wall 6,03843/686693,03843/686697,sekretariat@brinckman.de,www.brinckmann.de,"Rädke, Jan"
RO,LRO,Gy,75535354,Europaschule Gymnasium Teterow,17166,Teterow,Constantin-Kirchhoff-Straße 6,03996/120683,03996/120685,post@egt-mv.de,www.egt-mv.de,"Klaaßen, Monika"
SN,LUP,GS,75135402,Grundschule Balow,19300,Balow,Am Wirtschaftshof 10,038752/80713,038752/80713,grundschule-balow@t-online.de,,"Martens, Martina"
SN,LUP,GS,75135403,"Grundschule ""An den Eichen"", Boizenburg",19258,Boizenburg/Elbe,R.-Breitscheid-Straße 32,038847/54310,038847/62168,gs-eichen@boizenburg-elbe.de,,"Hartmann, Angela"
SN,LUP,GS,75135404,"Grundschule Ludwig Reinhard, Boizenburg",19258,Boizenburg/Elbe,An der Quöbbe 10,038847/54322,038847/37880,l.r.schule@boizenburg-elbe.de,www.ludwig-reinhard-grundschule.de,"Schilling, Sigrun"
SN,LUP,GS,75135407,Grundschule Eldena,19294,Eldena,Ludwigsluster Straße 16,038755/20257,038755 33533,eldena-grundschule@t-online.de,,"Gäth, Brigitte"
SN,LUP,GS,75135408,Grundschule Gammelin,19230,Gammelin,Schulstraße 5,038850/427,038850/443,grundschulegammelin@t-online.de,,"Lembke, Nadine"
SN,LUP,GS,75135410,"Grundschule ""Eldekinder"", Grabow",19300,Grabow,Hufenweg 2a,038756/28961,038756/28968,info@grundschule-eldekinder.de,www.grundschule-eldekinder.de,"Fuhrmann, Andrea"
SN,LUP,GS,75135412,Grundschule Kummer,19288,Kummer,Schulstraße 5a,038751/20712,038751/339800,grundschule.kummer@freenet.de,www.grundschule-kummer.de,"Langner, Ruth"
SN,LUP,GS,75135415,"Grundschule ""Fritz Reuter"", Ludwigslust",19288,Ludwigslust,Kanalstraße 26,03874/23101,03874/6637941,GS-FritzReuter-LWL@t-online.de,www.grundschule-ludwigslust.de,"Schubring, Cornelia"
SN,LUP,GS,75135418,Grundschule Malliß,19294,Malliß,Schulstraße 1,038750/20021,038750/22490,grundschule-malliss@t-online.de,,"Müllers, Petra"
SN,LUP,GS,75135419,"Grundschule ""Viktor Bausch"", Neu Kaliß",19294,Neu Kaliß,Schulstraße 29,038758/26270,038758/36632,GrundschuleNeukaliss@web.de,,"Dörge, Corinna"
SN,LUP,GS,75135420,"Grundschule J. W. v. Goethe"", Neustadt-Glewe",19306,Neustadt-Glewe,Ernst-Thälmann-Straße 22,038757/55430,038757/22825,gs-neustadt-glewe-I@gmx.de,,"Heering, Susanne"
SN,LUP,GS,75135422,Grundschule Pampow,19075,Pampow,Fährweg 8,03865/787910,03865/787912,Grundschule-Pampow@t-online.de,www.grundschule-pampow.de,"Moll, Ines"
SN,LUP,GS,75135424,Grundschule Ludwigslust,19288,Ludwigslust,Schulstraße 5,03874/22405,03874/444060,info@grundschule-techentin.de,www.grundschule-techentin.de,"Dahnke, Simone"
SN,LUP,GS,75135439,"Grundschule ""Boizetal"" Gresse",19258,Gresse,Zarrentiner Straße 14,038842/21204,038842/21281,grundschule.gresse@web.de,www.grundschule-gresse.de,"Mittig, Anke"
SN,LUP,GS,75135442,"GS ""Mühlenteich"", Hagenow",19230,Hagenow,Schulstraße 5,03883/61450,03883/614525,stadtschule.hagenow@online.de,www.stadtschule-hagenow.de,"Ewert, Hilka"
SN,LUP,GS,75135450,Grundschule Wöbbelin,19288,Wöbbelin,Neue Straße 18,038753/80791,038753/80791,gswoebbelin@gmx.de,,"Podlipnik, Jana"
SN,LUP,GS,75135452,"Grundschule ""Am Friedensring"", Wittenburg",19243,Wittenburg,Friedensring 70,038852/52220,038852/53541,Schule-am-Friedensring@t-online.de,,"Marlow, Rüdiger"
SN,LUP,GS,75135453,"Grundschule ""Dr. Otto Steinfatt"", Wittenförden",19073,Wittenförden,Schulstraße 4,0385/6470226,0385/6470742,a.ende@grundschule-wittenfoerden.de,,"Höffer, Ute"
SN,LUP,GS,75136001,Grundschule Brüel,19412,Brüel,Vogelstangenberg 6,038483/293010,038483/293013,Grundschule.Brueel@t-online.de,,"Biegel, Heidrid"
SN,LUP,GS,75136002,"Grundschule ""Wilhelm Busch"", Cambs",19067,Cambs,Retgendorfer Weg 26,03866/369,03866/839369,grundschule-cambs@freenet.de,www.grundschule-cambs.de,"Lange, Irene"
SN,LUP,GS,75136003,"Grundschule ""Fritz Reuter"", Crivitz",19089,Crivitz,Schulstraße 1,03863/333540,03863/502097,gsfr@freenet.de,www.grundschule-crivitz.de,"Darnstädt, Silke"
SN,LUP,GS,75136005,Grundschule Dabel,19406,Dabel,Am Mattenstieg 1K,038485/20242,038458/50402,grundschule-dabel@t-online.de,,"Damme, Annett"
SN,LUP,GS,75136007,Grundschule Domsühl,19374,Domsühl,Parchimer Straße 39,038728/22547,038728/22565,grundschule.domsuehl@web.de,www.Grundschule.Domsuehl.de,"Groß, Petra"
SN,LUP,GS,75136008,Grundschule Groß Godems,19372,Groß Godems,Lange Straße 15,038725/20282,038725/55443,GSGr.Godems@t-online.de,,"Frericks, Regine"
SN,LUP,GS,75136009,ORI-Grundschule Leezen,19067,Leezen,Lindenallee 10,03866/284,03866/470247,ori-grundschule@amt-crivitz.de,www.ori-grundschule-leezen.de,"Goy, Annegret"
SN,LUP,GS,75136010,Grundschule Lübz,19386,Lübz,Schützenstraße 35,038731/22725,038731/22725,grundschule@luebz.de,www.grundschule-luebz.de,"Kaltenstein, Doris"
SN,LUP,GS,75136012,Grundschule Matzlow,19372,Matzlow,Parchimer Straße 9,038726/80101,038726/22874,Grundschule.Matzlow@t-online.de,www.gs.matzlow.de,"Burchard, Marion"
SN,LUP,GS,75136013,Grundschule Mestlin,19374,Mestlin,Marx-Engels-Platz 2,038727/81337,038727/81337,gsmestlin@t-online.de,,"Höfs, Gudrun"
SN,LUP,GS,75136014,"Grundschule ""Adolf Diesterweg"", Parchim",19370,Parchim,Mönchhof 7,03871/212709,03871/602854,diesterwegschule-parchim@web.de,,"Brendler-Porenski, Christiane"
SN,LUP,GS,75136015,"Grundschule ""West"", Parchim",19370,Parchim,Hans-Beimler-Straße 24b,03871/441006,03871/421288,weststadtschule@parchim.de,www.grundschulewest-parchim.de,"Plettner, Ines"
SN,LUP,GS,75136016,"Grundschule ""Goethe"", Parchim",19370,Parchim,Wallallee 1,03871/602756,03871/6069729,goethegrundschule@parchim.de,,"Oberlach, Marita"
SN,LUP,GS,75136018,"Grundschule ""Kantor Carl Ehrich"", Plau am See",19395,Plau am See,Lange Straße 25,038735/44320,038735/49608,grundschule.plau@freenet.de,www.gs-kantor-carl-ehrich.de,"Kufahl, Marion"
SN,LUP,GS,75136021,"Grundschule ""Alexander Behm"", Sternberg",19406,Sternberg,Finkenkamp 17,03847/2622,03847/311951,grundschule@finkenkamp.de,www.grundschule-sternberg.de,"Schwedt, Heike"
SN,LUP,GS,75136023,Grundschule Sukow,19079,Sukow,Hauptstraße 16,03861/2701,03861/302026,Grundschule-Sukow@t-online.de,www.grundschule-sukow.de,"Warkentin, Birgit"
SN,LUP,GS,75136033,Grundschule Passow,19386,Passow,Charlottenhofer Weg 57A,038731/24036,038731/20987,schule@gemeinde-passow.de,,"Kube, Gabi"
SN,LUP,GS,75136034,Grundschule Plate,19086,Plate,Fr.-Wehmer-Straße 52,03861/2024,03861/300891,grundschule-plate@t-online.de,www.naturgrundschule-plate.de,"Radke, Sonja"
SN,LUP,GS,75136054,"Grundschule ""John Brinckman"", Goldberg",19399,Goldberg,Schützenplatz 2,038736/40756,038736/40834,grundschule.goldberg@googlemail.com,,"Wüster, Annett"
SN,LUP,FöL,75235463,Förderschule mit den Förderschwerpunkten Lernen und geistige Entwicklung Boizenburg,19258,Boizenburg/Elbe,Theodor-Körner-Straße 5,038847/297920,038847/297927,foerderschule.boizenburg@t-online.de,www.schule-bzbg.de,"Fechner, Silvia"
SN,LUP,FöL,75235465,Diesterwegschule Hagenow; Schule mit dem Förderschwerpunkt Lernen,19230,Hagenow,Bahnhofstraße 130,03883/727042,03883/727042,foerderschule-hagenow@t-online.de,,"Hüter, Siegfried"
SN,LUP,FöL,75235466,"Förderschule ""Johann-Heinrich-Pestalozzi"" Ludwigslust; Schule mit dem Förderschwerpunkt Lernen",19288,Ludwigslust,J.-Gillhoff-Straße 17,03874/22029,03874/666801,Foerderschule-Ludwigslust@t-online.de,,"Liedtke, Jörg"
SN,LUP,FöG,75235469,Förderschule mit dem Förderschwerpunkt geistige Entwicklung Hagenow,19230,Hagenow,Bahnhofstraße 132,03883/724101,03883/641456,schulezilhagenow@t-online.de,,"Puchert, Christiane"
SN,LUP,FöG,75235470,Schule an der Bleiche Ludwigslust; Schule mit dem Förderschwerpunkt geistige Entwicklung,19288,Ludwigslust,Fr.-Naumann-Allee 37,03874/21922,03874/3206669,schulezilb-ludwigslust@t-online.de,,"Peter, Katrin"
SN,LUP,FöL,75236063,Schule am Neuen Teich Lübz - Schule mit dem Förderschwerpunkt Lernen,19386,Lübz,Neuer Teich 1,038731/22838,038731/21192,bernd.kusebauch@kreis-lup.de,,"Petzak, Steffen"
SN,LUP,FöL,75236064,"Pestalozzischule - Schule mit dem Förderschwerpunkt Lernen, Parchim",19370,Parchim,Brunnenstraße 21,03871/212796,03871/451414,sekretariat@perstalozzischule-parchim.de,,"Lovin, Cordula"
SN,LUP,FöG,75236065,Schule am Alten Hafen Parchim - Schule mit dem Förderschwerpunkt geistige Entwicklung,19370,Parchim,Ziegendorfer Chaussee 11,03871/443132,03871/4689873,Sekretariat@sfg-parchim.de,www.sfg-parchim.de,"Pradel, Anett"
SN,LUP,FöL/FöG,75236067,Schule mit den Förderschwerpunkten Lernen und geistige Entwicklung Sternberg,19406,Sternberg,Am Berge 3a,03847/435330,03847/435333,afsstbg@t-online.de,,"Laß, Annett"
SN,LUP,KGS/GS,75335447,"Gymnasiales Schulzentrum ""Felix Stillfried"", Stralendorf",19073,Stralendorf,Schulstraße 4,03869/7437,03869/7809809,kontakt@schulzentrum-stralendorf.de,www.schulzentrum-stralendorf.de,"Kreimer, Thilo"
SN,LUP,"KGS/GS/
FöL",75335456,"Gymnasiales Schulzentrum ""Fritz Reuter"" Dömitz",19303,Dömitz,Roggenfelder Straße 30A,038758/35540,038758/3554100,info@schulzentrum-doemitz.de,www.schulzentrum-doemitz.de,"Timmermann, Evelyn"
SN,LUP,KGS,75335462,Gymnasiales Schulzentrum Wittenburg,19243,Wittenburg,Lindenstraße 13,038852/8080,038852/52500,info@schulzentrum-wittenburg.de,www.schulzentrum-wittenburg.de,"Kühnel, Michael"
SN,LUP,KGS,75336062,Verbundene Regionale Schule und Gymnasium Sternberg,19406,Sternberg,Seestraße 1a,03847/435340,03847/4353443,Sekretariat@kgs-sternberg.de,www.kgs-sternberg.de,"Langpap, Petra"
SN,LUP,RegS,75435431,"Regionale Schule Friedrich Rohr, Grabow",19300,Grabow,Prislicher Straße 23,038756/22352,038756/22353,regionaleschulegrabow@googlemail.com,www.regionale-schule-grabow.de,"Bloßfeld, Jutta"
SN,LUP,RegS,75435433,"Regionale Schule ""P. J. Lenné"", Ludwigslust",19288,Ludwigslust,Rennbahnweg 1,03874/29162,03874/665230,Lenne-Schule-LWL@t-online.de,www.lenne-schule-ludwigslust.de,"Schulz, Jutta"
SN,LUP,RegS/GS,75435434,"Regionale Schule mit Grundschule ""Lindenschule"", Lübtheen",19249,Lübtheen,Rudolf-Breitscheid-Straße 30,038855/785180,038855/785189,realschule.luebtheen@t-online.de,,"Cordt, Andreas"
SN,LUP,RegS,75435435,Regionale Schule Malliß,19294,Malliß,Schulstraße 1,038750/20292,038750/22490,regsmalliss@t-online.de,www.malliss.com,"Quade, Rosemarie"
SN,LUP,RegS,75435437,"Regionale Schule ""Karl-Scharfenberg-Schule"", 
Neustadt-Glewe",19306,Neustadt-Glewe,Laascher Straße 57,038757/33113,038757/33114,Karl-Scharfenberg-Schule@web.de,,"Ott, Ute"
SN,LUP,RegS,75435438,"Regionale Schule ""Rudolf Tarnow"", Boizenburg",19258,Boizenburg/Elbe,R.-Markmann-Straße 59,038847/54312,038847/624870,info@tarnow-schule.de,www.tarnow-schule-boizenburg.de,"Dahlmann, Jörg"
SN,LUP,RegS,75435441,"Regionale Schule ""Prof. Dr. Friedrich Heincke"", Hagenow",19230,Hagenow,Möllner Straße 12,03883/723012,03883/618555,Realschule-II-Hagenow@t-online.de,www.rs-2-hgn.de,"Schmidt, Kirsten"
SN,LUP,RegS/GS,75435443,"Regionale Schule mit Grundschule ""Europaschule"", Hagenow",19230,Hagenow,Kießender Ring 6,03883/721029,03883/724943,rs4_hagenow@arcor.de,www.europaschule-hagenow.eu,"Janitz, Sabine"
SN,LUP,RegS/GS,75435445,"Regionale Schule mit Grundschule ""Theodor Körner"", Picher",19230,Picher,Hagenower Straße 7a,038751/20234,038751/21203,schulepicher@gmail.com,www.schulepicher.eu,"Tiede, Michael"
SN,LUP,RegS/GS,75435446,"Regionale Schule mit Grundschule ""Dr. Ernst Alban"", Rastow",19077,Rastow,Schulstraße 5,03868/300683,03868/292,schulleiter@eas-rastow.de,www.schule-rastow.de,"Booß, Torsten"
SN,LUP,RegS/GS,75435449,"Regionale Schule mit Grundschule, Vellahn",19260,Vellahn,Schulstraße 2,038848/20209,038848/22418,rs.vellahn@t-online.de,www.vellahn-regionale-schule.de,"Booß, Sabine"
SN,LUP,RegS/GS,75435454,"Regionale Schule mit Grundschule ""Fritz Reuter"", Zarrentin",19246,Zarrentin,Rosenstraße 27,038851/81130,038851/81131,SchuleZarrentin@web.de,www.schule-zarrentin.de,"Hollstein, Heide"
SN,LUP,RegS,75436031,"Regionale Schule ""J. W. v. Goethe"", Parchim",19370,Parchim,Wallallee 1,03871/4226590,03871/212424,goetheschule@parchim.de,www.goetheschule-parchim.de,"Dreeser, Peter-Michael"
SN,LUP,RegS,75436035,Regionale Schule Brüel,19412,Brüel,Vogelstangenberg 6,038483/293030,038483/293013,elusch-brueel@t-online.de,www.regionale-schule-brueel.de,"Schuhmann, Christina"
SN,LUP,RegS,75436036,"Regionale Schule ""Am Mühlenberg"", Cambs",19067,Cambs,Retgendorfer Weg 24,03866/326,03866/80719,regionale-schule-cambs@t-online.de,,"Grimm, Heike"
SN,LUP,RegS,75436037,Regionale Schule Crivitz,19089,Crivitz,Straße der Freundschaft 19 a,03863/50240,03863/502422,sekretariat@regionalschule-crivitz.de,www.regionalschule-crivitz.de,"Dähn, Egbert"
SN,LUP,RegS,75436040,"Regionale Schule ""Eldetalschule"", Domsühl",19374,Domsühl,Parchimer Straße 39,038728/20236,038728/22565,regionale.schule.domsuehl@web.de,www.eldetalschule.de,"Weimer, Bernhard"
SN,LUP,RegS,75436041,Regionale Schule Lübz,19386,Lübz,Schützenstraße 35,038731/22602,038731/36606,regionale-schule@luebz.de,www.regionale-schule-luebz.de,"Birnitzer, Cerstin"
SN,LUP,RegS/GS,75436042,Regionale Schule mit Grundschule Marnitz,19376,Marnitz,Mooster Straße 10,038729/29097,038729/29099,info@schule-marnitz.de,www.schule-marnitz.de,"Janke, Babett"
SN,LUP,RegS,75436045,"Regionale Schule ""Fritz Reuter"", Parchim",19370,Parchim,Mönchhof 6,03871/212818,03871/450320,reuterschule@parchim.de,www.fritzreuterschule-pch.de,"Ebert, Ute"
SN,LUP,RegS,75436047,"Regionale Schule Schule ""Am Klüschenberg"", Plau am See",19395,Plau am See,Wittstocker Weg 10c,038735/40884,038735/41153,sak.plau@gmail.com,www.schule-plau.de,"Zimmermann, Bierger"
SN,LUP,RegS,75436051,Regionale Schule Banzkow,19079,Banzkow,An der Lewitzmühle 82,03861/7101,03861/302604,postbox@schule-banzkow.de,www.schule-banzkow.de,"Silbernagel, Carola"
SN,LUP,RegS,75436055,"Regionale Schule ""Walter Husemann"", Goldberg",19399,Goldberg,J.-Brinckman-Straße 39,038736/41805,038736/42640,info@whs-goldberg.de,www.whs-goldberg.de,"Hög, Gisela"
SN,LUP,Gy,75535455,"Gymnasium ""Elbe-Gymnasium"", Boizenburg",19258,Boizenburg/Elbe,Ludwig-Reinhard-Straße 21,038847/8110,038847/8111,kontakt@elbe-gymnasium.de,www.elbe-gymnasium.de,"Kersten, Gerald"
SN,LUP,Gy,75535458,"Robert-Stock-Gymnasium, Hagenow",19230,Hagenow,Möllner Straße 14,03883/66105,03883/66106,info@rsg-hgn.de,www.rsg-hgn.de,"Noack, Annett"
SN,LUP,Gy,75535459,"Goethe-Gymnasium, Ludwigslust",19288,Ludwigslust,Christian-Ludwig-Straße 3,03874/42800,03874/428020,Goethe@gymnasium-ludwigslust.de,www.gymnasium-ludwigslust.de,"Detenhoff, Ekkehard"
SN,LUP,Gy,75536059,"Gymnasium Am Sonnenberg, Crivitz",19089,Crivitz,Am Sonnenberg 1,03863/54240,03863/5424111,sekretariat@gymcrivitz.de,www.gymcrivitz.de,"Schmidt, Hans"
SN,LUP,Gy,75536060,"Gymnasium ""Eldenburg"", Lübz",19386,Lübz,Blücher Straße 22a,038731/22686,038731/20016,sekretariat@eldenburg-gymnasium.de,www.eldenburg-gymnasium.de,"Schwarz, Torsten"
SN,LUP,Gy,75536061,"Friedrich-Franz-Gymnasium, Parchim",19370,Parchim,Ziegendorfer Chaussee 71/74,03871/441010,03871/444159,Sekretariat@gymnasium-parchim.de,www.gymnasium-parchim.de,"Merzsch, Volkhard"
NB,MSP,GS,75130201,"Grundschule  Mitte ""Uns Hüsung"", Neubrandenburg",17033,Neubrandenburg,Katharinenstraße 1,0395/5551101,0395/5551151,gsmitte@schulen-nb.de,www.gs-mitte-nb.de ,"Ristau, Anke"
NB,MSP,GS,75130203,"Grundschule Süd, Neubrandenburg",17033,Neubrandenburg,Werner-Seelenbinder-Straße 1,0395/5551765,0395/5551770,sued@gs-nb.de,,"Borchert, Jörg"
NB,MSP,GS,75130205,"Grundschule  Ost ""H. Ch. Andersen"" Europaschule, Neubrandenburg",17036,Neubrandenburg,Robert-Koch-Straße 52,0395/5551188,0395/5551197,post@gs-nb.de,,"Dräger, Hardi"
NB,MSP,GS,75130210,"Grundschule Datzeberg, Neubrandenburg",17034,Neubrandenburg,Rasgrader Straße 4,0395/5551701,0395/5551709,gs.datzeberg@schulen-nb.de,www.gs-datzeberg.de ,"Friese, Ina"
NB,MSP,GS,75130211,"Grundschule Nord ""Am Reitbahnsee"", Neubrandenburg",17034,Neubrandenburg,Traberallee 18,0395/5551941,0395/5551951,gs-nord@schulen-nb.de,,"Mews, Ingeborg"
NB,MSP,GS,75130213,"Grundschule West ""Am See"", Neubrandenburg",17033,Neubrandenburg,Dükerweg 2,0395/5551141,0395/5551175,gswestamsee@schulen-nb.de,www.gs-west-am-see.de ,"Tannert, Petra"
NB,MSP,GS,75135201,Grundschule Altentreptow,17087,Altentreptow,Karlsplatz 7,03961/212936,03964/212937,Grundschule-Altentreptow@t-online.de,,"Bürger, Heike"
NB,MSP,GS,75135202,Grundschule Dargun,17159,Dargun,Am Sportplatz 18,039959/20353,039959/27960,Schule-Dargun@t-online.de,www.schulen-dargun.de,"Schaffrinna, Rita"
NB,MSP,GS,75135203,"Grundschule ""Heinrich Zille"", Demmin",17109,Demmin,Am Klinkenberg 2,03998/222055,03998/2585855,gszilledemmin@web.de,www.gsheinrichzille.homepage.t-online.de,"Sack, Christiane"
NB,MSP,GS,75135210,Grundschule Mölln,17091,Mölln,Schulstraße 1,039602/20615,039602/20615,GSMoelln@t-online.de,,"Möller, Gabriele"
NB,MSP,GS,75135211,"Grundschule ""Pestalozzi"", Malchin",17139,Malchin,Schulplatz 3-4,03994/299015,03994/299016,grundschule-malchin@t-online.de,,"Erdmann, Andreas"
NB,MSP,GS,75135213,Grundschule Sarow,17111,Sarow,Dorfstraße 77,039996/70310,039996/70310,Grundschule-Sarow@t-online.de,,"Engelbrecht, Barbara"
NB,MSP,GS,75135214,"Fritz-Reuter-Grundschule, Stavenhagen",17153,Stavenhagen,Goethestraße 14,039954/276812,039954/276817,grundschule_stavenhagen@t-online.de,,"Luther, Astrid"
NB,MSP,GS,75135226,Grundschule Schönfeld,17111,Schönfeld,Dorfstraße 23,039994/10249,039994/10249,Grundschule-Schoenfeld@t-online.de,,"Rech, Elke"
NB,MSP,GS,75135233,Grundschule Burow ,17089,Burow,Schulstraße 4,03965/210369,03965/210369,grundschuleburow@hotmail.de,,"Röder, Sabine"
NB,MSP,GS,75135234,Grundschule Gielow,17139,Gielow,Straße der Einheit 58,039957/20442,039957/20442,grundschule-gielow@t-online.de,,"Gehl, Hanka"
NB,MSP,GS,75135236,Grundschule Jürgenstorf,17153,Jürgenstorf,Birkenweg 2,039955/20231,039955/20231,gs-juergenstorf@gmx.de,,"Wagenknecht, Ines"
NB,MSP,GS,75135503,"Grundschule ""Kletterrose"", Burg Stargard",17094,Burg Stargard,Klüschenberg 17,039603/27924,039603/27923,s.junker@freenet.de,www.grundschule-kletterrose.de,"Junker, Sven"
NB,MSP,GS,75135507,Grundschule Friedland,17098,Friedland,Wollweberstraße 59,039601/21103,039601/369809,rost.grundschule@gmx.de,,"Werth, Claudia"
NB,MSP,GS,75135510,"Grundschule Regenbogen, Mirow ",17252,Mirow,Leussower Weg 9a,039833/20271,039833/27576,gsmirow@t-online.de,www.grundschule-mirow.de,"Rühe, Gabriele"
NB,MSP,GS,75135513,"Grundschule Kiefernheide, Neustrelitz",17235,Neustrelitz,Pestalozzistraße 6,03981/442906,03981/441827,gs.kiefernheide@t-online.de,,"Stietzel, Regina"
NB,MSP,GS,75135514,"Grundschule ""Zum Wasserturm"", Neverin",17039,Neverin,Dorfstraße 30,039608/20503,039608/20098,lehrer@gsneverin.de,www.gsneverin.de,"Romey, Sabine"
NB,MSP,GS,75135524,"Grundschule Am Sandberg, Neustrelitz",17235,Neustrelitz,Sandberg 48,03981/238155,03981/238156,gs.sandberg.ntz@t-online.de,,"Römpagel, Jutta"
NB,MSP,GS,75135533,"Grundschule Pappelhain, Groß Miltzow",17349,Groß Miltzow,Schulstraße 10,03967/410293,03967/410299,pappelhain@aol.com,,"Ballach, Sabine"
NB,MSP,GS,75135547,"Grundschule  ""Daniel Sanders"", Neustrelitz",17235,Neustrelitz,Bachstraße 9,03981/441896,03981/441896,gs.sanders@neustrelitz.de,,"Woigk, Veronika"
NB,MSP,GS,75135602,"Grundschule ""Uns lütt Schaul"", Kargow",17192,Kargow,Federower Straße 12,03991/670040,03991/670040,grundschule-kargow@t-online.de,,"Waschk, Birgit"
NB,MSP,GS,75135603,Grundschule Moltzow,17194,Moltzow,Schulstraße 22,039933/73588,039933/73584,gs-moltzow@t-online.de,,"Peters, Jörg"
NB,MSP,GS,75135607,Grundschule Röbel,17207,Röbel/Müritz,Schulstraße 20,039931/52234,039931/54285,Grundschule-Roebel@t-online.de,,"Schardin, Christa"
NB,MSP,GS,75135608,Grundschule Rechlin,17248,Rechlin,Schulstraße,039823/21204,039823/21829,Grundschule-Rechlin@t-online.de,www.grundschule-rechlin.de,"Quaschning, Holger"
NB,MSP,GS,75135610,"Grundschule ""Käthe Kollwitz"", Waren",17192,Waren (Müritz),Geschwister-Scholl-Straße 31,03991/125645,03991/182866,gs-kaethe-kollwitz@t-online.de,,"Schuldt, Marion"
NB,MSP,GS,75135611,"Grundschule ""Am Papenberg"", Waren",17192,Waren (Müritz),Bgm.-Schlaaff-Straße 26,03991/665740,03991/667717,grundschule.am.papenberg.waren@t-online.de,www.grundschule-am-papenberg.de,"Schabbel, Petra"
NB,MSP,GS,75135618,Grundschule Altenhof,17209,Altenhof,Schulstraße 13,039924/2443,039924/2443,schule-altenhof@t-online.de,,"Sünwoldt, Elke"
NB,MSP,GS,75135621,Grundschule Groß Plasten,17192,Groß Plasten,Neue Straße 32,039934/87605,039934/87324,grundschule.Plasten@t-online.de,www.grundschule-plasten.de,"Kaschel, Roland"
NB,MSP,GS,75135625,"Grundschule ""Goethe"", Malchow",17213,Malchow,Kirchstraße 23-25,039932/18523,039932/47958,grundschule@goetheschule-malchow.de,www.goetheschule-malchow-mecklenburg.de,"Fischer, Anke"
NB,MSP,GS,75135631,Grundschule Wredenhagen,17209,Wredenhagen,Am Burgberg 1,039925/2234,039925/2246,gsburgschule@aol.com,www.grundschule-wredenhagen.de,"Arndt, Bärbel"
NB,MSP,FöL,75230235,"Schule mit dem Förderschwerpunkt Lernen sowie emotionale und soziale Entwicklung Neubrandenburg ""Pestalozzischule"" 
- Förderzentrum -",17033,Neubrandenburg,Ziegelbergstraße 27,0395/599991302,0395/599991309,afsnb@schulen-nb.de,,"Martin, Holger"
NB,MSP,FöSp,75230236,Schule mit dem Förderschwerpunkt Sprache Neubrandenburg - Sprachheilpädagogisches Förderzentrum,17033,Neubrandenburg,Baumhaselstraße 10-12,0395/3699203,0395/3797479,sprachheilschule@schulen-nb.de,www.sprachheilschule-nb.de,"Bombowsky, Catrin"
NB,MSP,FöK,75230237,"Überregionales Förderzentrum mit dem Förderschwerpunkt körperliche-motorische Entwicklung, Neubrandenburg",17033,Neubrandenburg,Robert-Blum-Straße 36,0395/5639511,0395/5639515,schule@uefz-neubrandenburg.de,www.uefz-neubrandenburg.de,"Menzel, Andrea"
NB,MSP,FöG,75230238,"Schule mit dem Förderschwerpunkt geistige Entwicklung Neubrandenburg ""Kranichschule""",17034,Neubrandenburg,B.-Brecht-Straße 1a,0395/4308016,0395/4308040,kranichschule-nb@web.de,www.kranichschule.com,"Jähnig, Ines"
NB,MSP,FöL,75235248,"Lea-Toll-Schule - Schule mit dem Förderschwerpunkt Lernen, Altentreptow",17087,Altentreptow,Poststraße 1,03961/214417,03961/216441,lea.toll@t-online.de,,"Tucholski, Ruth"
NB,MSP,FöL,75235249,"Schule mit dem Förderschwerpunkt Lernen, Demmin",17109,Demmin,Saarstraße 23,03998/222010,03998/258006,afs_dm@web.de,,"Toboldt, Anne"
NB,MSP,FöL,75235250,"""Sonderpädagogisches Förderzentrum - Lindenschule"" - Schule mit dem Förderschwerpunkt Lernen, Malchin",17139,Malchin,Lindenstraße 6,03994/222209,03994/239853,foerderzentrum_malchin@t-online.de,www.foerderzentrum-lindenschule-malchin.de,"Riwaldt, Uta"
NB,MSP,FöG,75235251,"Schule mit dem Förderschwerpunkt geistige Entwicklung, Altentreptow",17087,Altentreptow,Westphalstraße 3,03961/214664,03961/262555,fil.altentreptow@t-online.de,,"Proske, Kerstin"
NB,MSP,FöG,75235252,"Schule Sonnenhof - Schule mit dem Förderschwerpunkt geistige Entwicklung, Demmin",17109,Demmin,Quitzerower Weg 31,03998/222004,03998/259964,schule.sonnenhof@googlemail.com,,"Berndt, Ulrike"
NB,MSP,FöG,75235253,"Schule ""Am Wedenhof""- Schule mit dem Förderschwerpunkt geistige Entwicklung, Malchin",17139,Malchin,Am Wedenhof 6,03994/222365,03994/239426,schuleamwedenhof@t-online.de,,"Siglow, Heike"
NB,MSP,FöL,75235544,"Sonderpädagogisches Förderzentrum - Schule mit Förderschwerpunkt Lernen, Friedland",17098,Friedland,A.-Bebel-Platz 17,039601/20573,039601/20574,foerderzentrum_friedland@web.de,,"Krüger, Kerstin"
NB,MSP,FöL,75235545,"Sonderpädagogisches Förderzentrum - Schule mit Förderschwerpunkt Lernen, Neustrelitz",17235,Neustrelitz,Hittenkofer Straße 28,03981/205449,03981/205446,sekretariat@foerderschule-neustrelitz.de,,"Krog, Petra"
NB,MSP,FöG,75235546,"Tom-Mutters-Schule - Schule mit Förderschwerpunkt geistige Entwicklung, Neustrelitz",17235,Neustrelitz,Höhenstraße 51,03981/443492,03981/443494,tom-mutters-schule@t-online.de,,"Weidemann, Gritt"
NB,MSP,FöG,75235548,Mosaik-Schule - Schule mit Förderschwerpunkt geistige Entwicklung,17349,Holzendorf,Schulstraße 11,03967/461855,03967/461856,info@mosaik-holzendorf.de,,"Bartko, Diana"
NB,MSP,FöL,75235637,Förderschule Röbel - Schule mit dem Förderschwerpunkt Lernen,17207,Röbel/Müritz,Warener Chaussee 4,039931/52262,039931/52262,foeroe@t-online.de,,"Lorenz, Jutta"
NB,MSP,FöL,75235638,"Förderzentrum ""Pestalozzi"" Waren - Schule mit dem Förderschwerpunkt Lernen",17192,Waren (Müritz),Karl-Liebknecht-Straße 8,03991/125433,03991/187074,schulleitung@fds-waren.de,www.blog-foerderzentrum-waren.de,"Tertocha, Elke"
NB,MSP,FöG,75235639,Müritz-Schule Sietow - Schule mit dem Förderschwerpunkt geistige Entwicklung,17209,Sietow,Neubaustraße 14,039931/8450,039931/84523,Mueritz-Schule-Sietow@t-online.de,,"Lotzkat, Lothar"
NB,MSP,IGS,75330233,"Gesamtschule ""Vier Tore"", Integrierte Gesamtschule, Neubrandenburg",17033,Neubrandenburg,Geschwister-Scholl-Straße 14,0395/599991100,0395/599991109,igs17033@web.de,,"Bretschneider, Rüdiger"
NB,MSP,KGS,75335243,"Kooperative Gesamtschule mit gymnasialer Oberstufe, Altentreptow",17087,Altentreptow,Pestalozzistraße 1,03961/215512,03961/215513,sekretariat@kgs-altentreptow.de,www.kgs-altentreptow.de,"Brüllke, Dirk-Michael"
NB,MSP,KGS,75335247,"Reuterstädter Gesamtschule - Europaschule -
Kooperative Gesamtschule, Stavenhagen",17153,Stavenhagen,Straße am Wasserturm 1,039954/22043,039954/27181,reuterstaedter.gesamtschule@t-online.de,www.kgs-stavenhagen.de,"Trautmann, Lutz"
NB,MSP,KGS,75335537,"Kooperative Gesamtschule mit gymnasialer Oberstufe, Friedland",17098,Friedland,Dr. Karl-Bayer-Straße 4,039601/2910,039601/29124,sekretariat@nfg24.de,www.nfg24.de,"Böhnke, Heiko"
NB,MSP,IGS,75335541,"Integrierte Gesamtschule ""Walter Karbe""",17235,Neustrelitz,Lessingstraße 27,03981/455991,03981/455999,IGS-W.Karbe-Ntz@t-online.de,www.gesamtschule-neustrelitz.de,"Goetsch, Hans-Werner"
NB,MSP,KGS,75335614,Fleesenseeschule Malchow - Verbundene Regionale Schule und Gymnasium,17213,Malchow,Schulstraße 3,039932/1660,039932/16633,schulleitung@fleesenseeschule.de,www.fleesenseeschule.de,"Lau, Norbert"
NB,MSP,KGS,75335616,"Schulcampus Röbel, Verbundene Regionale Schule und Gymnasium",17207,Röbel/Müritz,Gotthunskamp 13,039931/52202,039931/52206  ,info@schulcampus-roebel.de,www.schulcampus-roebel.de,"Richter, Hans-Dieter"
NB,MSP,RegS,75430216,"Regionale Schule Mitte  ""Fritz Reuter"", Neubrandenburg",17033,Neubrandenburg,Katharinenstraße 1,0395/5551201,0395/5551173,fritz-reuter-schule@schulen-nb.de,www.myfritz-reuter-schule.de,"Ewald, Judith"
NB,MSP,RegS,75430219,"Regionale Schule ""Am Lindetal"", Neubrandenburg",17036,Neubrandenburg,Kopernikusstraße 4,0395/5551632,0395/5551641,RegSchuleVoss@web.de,,"Stieger, Regine"
NB,MSP,RegS,75430225,"Regionale Schule Nord, Neubrandenburg",17033,Neubrandenburg,Dükerweg 2,0395/5551141,0395/5551175,rgs-nord@schulen-nb.de,,"Mundry-Göthe, Silvana"
NB,MSP,RegS,75435221,"Regionale Schule Siegfried Marcus, Malchin",17139,Malchin,Rudolf-Fritz-Straße 8a,03994/222277,03994/222219,Marcus_Schule_MC@gmx.de,,"Arndt, Ute"
NB,MSP,RegS/GS,75435222,"Regionale Schule mit Grundschule Pestalozzi, Demmin",17109,Demmin,Schützenstraße 1,03998/271111,03998/271115,pestalozzi-schule-demmin@t-online.de,www.pestalozzi-schule-demmin.de,"Bretsch, Dörte"
NB,MSP,RegS,75435227,Regionale Schule Dargun,17159,Dargun,Am Sportplatz 18,039959/20278,039959/27960,schule-dargun@t-online.de,www.schulen-dargun.de,"Frankowiak-Gläßer, Marie-Madlen"
NB,MSP,RegS,75435229,"Regionale Schule ""Fritz Reuter"", Demmin",17109,Demmin,Frauenstraße 18,03998/222072,03998/222072,reuterdemmin@gmx.de,,"Eichhorst, Harald"
NB,MSP,RegS/GS,75435242,Regionale Schule mit Grundschule Tützpatz,17091,Tützpatz,Waldstraße 6,039600/21272,039600/20518,schule-tuetzpatz@web.de,,"Schlamm, Burghardt"
NB,MSP,RegS,75435523,"Regionale Schule ""J. Nehru"", Neustrelitz",17235,Neustrelitz,Tiergartenstraße 32,03981/23860,03981/238620,info@nehru-schule.de,www.nehru-schule.de,"Hübner, Carmen"
NB,MSP,RegS/GS,75435529,Regionale Schule mit Grundschule Woldegk,17348,Woldegk,Wollweberstraße 27,03963/210302,03963/210505,schule@schulewoldegk.de,www.schulewoldegk.de,"Marg, Christian"
NB,MSP,RegS/GS,75435531,"Regionale Schule mit Grundschule ""Am Kirschgarten"", Blankensee",17237,Blankensee,Schulstraße 12,039826/12405,039826/12406,Schule.Blankensee@web.de,,"Djalek, Heiko"
NB,MSP,RegS/GS,75435536,Regionale Schule mit Grundschule Wesenberg,17255,Wesenberg,In den Wällen 9a,039832/20345,039832/20510,schulleiterin@wesenberg-schule.de,www.wesenberg-schule.de,"Schöniger, Mandy"
NB,MSP,RegS,75435542,Regionale Schule Burg Stargard,17094,Burg Stargard,Klüschenbergstraße 13,039603/20312,039603/22915,schule@regs-burg-stargard.de,www.regs-burg-stargard.de,"Schwenn, Sylvia"
NB,MSP,RegS/GS,75435543,"Regionale Schule mit Grundschule ""Hans Fallada"", Feldberg",17258,Feldberg,Bahnhofstraße 5,039831/21619,039831/22149,fallada-schule@feldberg.de,www.schule-feldberg.de,"Friedrich, Monika"
NB,MSP,RegS/GS,75435615,Regionale Schule mit Grundschule Penzlin,17217,Penzlin,Hirtenstraße 12,03962/210232,03962/210233,regionale-schule@voss-schule-penzlin.com,www.voss-schule-penzlin.de,"Rieck, Holger"
NB,MSP,RegS,75435617,Regionale Schule Rechlin,17248,Rechlin,Neuer Markt 28,039823/21216,039823/21470,sekretariat@schule-rechlin.de,www.schule-rechlin.de,"Höhn, Beate"
NB,MSP,RegS,75435624,"Regionale Schule ""Heinrich Schliemann"", Möllenhagen",17219,Möllenhagen,Am Markt 10,039928/80212,039928/80220,regs-moellenhagen@t-online.de,www.schule-moellenhagen.de,"Pasch, Ute"
NB,MSP,RegS,75435630,"Regionale Schule ""Friedrich Dethloff"", Waren",17192,Waren (Müritz),Kirschenweg 2,03991/64020,03991/640219,Friedrich-Dethloff-Schule@t-online.de,www.fds-waren.de,"Schmidt, Ute"
NB,MSP,RegS,75435636,Regionale Schule Waren,17192,Waren (Müritz),Friedrich-Engels-Platz 10,03991/168918,03991/168960,schule@rww24.de,,"Hänsel, Sylvia"
NB,MSP,Gy,75530227,"Albert-Einstein-Gymnasium, Neubrandenburg",17034,Neubrandenburg,Demminer Straße 42,0395/599991600,0395/599991616,dr_dkittler@gmx.de,www.aeg-nb.de,"Kittler, Dietmar"
NB,MSP,Gy,75530232,Sportgymnasium Neubrandenburg,17033,Neubrandenburg,Schwedenstraße 22,0395/599991800,0395/599991816,sportgymnasium@sgnb.de,www.sgnb.de,"Knospe, Gesine"
NB,MSP,Agy,75530240,Abendgymnasium Neubrandenburg,17034,Neubrandenburg,Demminer Straße 42,0395/599991621,0395/599991623,info@abengymnasium-nb.de,www.abendgymnasium-nb.de,"Holm, Cornelia"
NB,MSP,Gy,75535244,Goethe-Gymnasium - Musikgymnasium - Demmin,17109,Demmin,An der Mühle 7,03998/222067,,sekretariat@goethegymnasium-demmin.de,www.musikgymnasium-demmin.de,"Kollhoff, Dirk"
NB,MSP,Gy,75535246,Fritz-Greve-Gymnasium Malchin,17139,Malchin,Am Zachow 39,03994/227205,03994/2999886,gym_mc_sl@gmx.net,www.gymnasium-malchin.de,"Scherer, Wolfgang"
NB,MSP,Gy,75535539,"Gymnasium Carolinum, Neustrelitz",17235,Neustrelitz,Louisenstraße 30,03981/286710,03981/286730,info@carolinum.de,www.carolinum.de,"Tesch, Henry"
NB,MSP,Gy,75535635,Richard-Wossidlo-Gymnasium,17192,Waren (Müritz),Güstrower Straße 11,03991/74770,03991/747727,joop@gym-waren.de,,"Behrns, Kai"
SN,NWM,GS,75130601,"Grundschule ""Seeblick"", Wismar",23968,Wismar,Anton-Saefkow-Straße 9,03841/636695,03841/6189789,Seeblick-Schule@wismar.de,www.seeblick-grundschule-wismar.de,"Machau Aycan, Doreen"
SN,NWM,GS,75130602,"Grundschule ""Rudolf Tarnow"", Wismar",23970,Wismar,Tallinner Straße 01,03841/282022,03841/224188,Rudolf-Tarnow-Schule@Wismar.de,www.rudolf-tarnow-grundschule.de,"Möller, Uwe"
SN,NWM,GS,75130603,"Grundschule ""Fritz Reuter"", Wismar",23966,Wismar,Dahlmannstraße 14,03841/283064,03841/395359,Fritz-Reuter-Schule-Wismar@t-online.de,www.fritz-reuter-schule-wismar.de,"Günther, Sven"
SN,NWM,GS,75130604,"Grundschule ""Friedenshof"", Wismar",23966,Wismar,H.-Rothbarth-Straße 1 a,03841/707527,03841/326261,GS-am-Friedenshof@wismar.de,www.grundschule-am-friedenshof.de,"Schulz, Christa"
SN,NWM,GS,75135802,Grundschule Carlow,19217,Carlow,Schulstraße 08,038873/20264,038873/33475,grundschule-carlow@gmx.de,,"Jürß, Annette"
SN,NWM,GS,75135804,Grundschule Dorf Mecklenburg,23972,Dorf Mecklenburg,Karl-Marx-Straße 13,03841/795924,03841/333989,GrundschuleDM@t-online.de,,"Schuster, Katja"
SN,NWM,GS,75135806,"Grundschule ""Fritz Reuter"", Grevesmühlen",23936,Grevesmühlen,Kleine Allee 44,03881/2511,03881/711173,sekretariat@gs-fritz-reuter.de,www.gs-fritz-reuter.de,"Kodanek, Andrea"
SN,NWM,GS,75135807,"Grundschule ""Ploggensee"", Grevesmühlen",23936,Grevesmühlen,Ploggenseering 64,03881/712206,03881/710039,sekretariat@gs-ploggensee.de,www.gs-ploggensee.de,"Olbrisch, Martina"
SN,NWM,GS,75135818,Grundschule Neukloster,23992,Neukloster,Alte Gärtnerei 1,038422/20357,038422/20427,Grundschule_Neukloster@t-online.de,www.grundschule-neukloster.de,"Franke-Besener, Gabriela"
SN,NWM,GS,75135819,Grundschule Selmsdorf,23923,Selmsdorf,Neue Reihe 11,038823/2301,038823/2302,sekretariat@grundschule-selmsdorf.de,www.grundschule-selmsdorf.de,"Voß, Mandy"
SN,NWM,GS,75135823,"Grundschule ""Fritz Reuter"", Warin",19417,Warin,Geschwister-Scholl-Straße 5,038482/60409,038482/22346,grundschule.warin@t-online.de,www.grundschule-warin.de,"Arndt, Dagmar"
SN,NWM,GS,75135825,Grundschule Bobitz,23996,Bobitz,Schulstraße 27,038424/4110,038424/41123,grundschule-bobitz@t-online.de,www.grundschule-bobitz.de,"Wilczek, Christine"
SN,NWM,GS,75135826,Grundschule Brüsewitz,19071,Brüsewitz,Zum Rehm 3,038874/41424,038874/41424,info@schule-bruesewitz.de,,"Prahl, Silke"
SN,NWM,GS,75135828,Grundschule Dreveskirchen,23974,Dreveskirchen,Schulstraße 12,038427/40839,038427/40839,gs_dreveskirchen@gmx.de,,"Rehwald-Bauer, Kerstin"
SN,NWM,GS,75135833,"Grundschule ""Adolf Diesterweg"", Kalkhorst",23942,Kalkhorst,Am Sportplatz,038827/205,038827/88858,HRS-Kalkhorst@t-online.de,,"Borchardt, Andrea"
SN,NWM,GS,75135835,Grundschule Lübow,23972,Lübow,Dorfstraße 22,03841/785822,03841/780408,schule.luebow-mv@gmx.de,,"Schünemann, Heike"
SN,NWM,GS,75135841,Grundschule Ostseebad Boltenhagen,23946,Boltenhagen,Klützer Straße 11 - 15,038825/22259,038825/23656,schule-in-boltenhagen@t-online.de,,"Behl, Anne"
SN,NWM,GS,75135844,Grundschule Roggendorf,19205,Roggendorf,Gadebuscher Straße 6,038876/20237,038876/31603,schule-roggendorf@web.de,,"Hering, Petra"
SN,NWM,FöL,75230619,Claus-Jesup-Schule Wismar - Schule mit dem Förderschwerpunkt Lernen,23968,Wismar,Liselotte-Herrmann-Straße 5,03841/636660,03841/629179,Sekretariat@claus-jesup-schule-wismar.de,,"Walleiks, Vera"
SN,NWM,FöL,75235854,"Schule mit dem Förderschwerpunkt Lernen ""Johann-Heinrich-Pestalozzi"" Gadebusch",19205,Gadebusch,Agnes-Karll-Straße 6 - 8,03886/3662040,03886/3662043,Foerderschule-Gadebusch@t-online.de,,"Krause, Selinde"
SN,NWM,FöL,75235855,"Schule mit dem Förderschwerpunkt Lernen ""Anne Frank"" Schönberg",23923,Schönberg,R.-Hartmann-Straße 13,038828/21241,038828/23578,k.liesche@foerderschule-schoenberg-mv.de,,"Boje, Kerstin"
SN,NWM,FöL,75235856,"Schule mit dem Förderschwerpunkt Lernen ""An den Linden"" Grevesmühlen",23936,Grevesmühlen,Wismarsche Straße 124,03881/2349,03881/712716,lindengvm@web.de,,"Jankowski, Marlies"
SN,NWM,FöL,75235858,"Schule mit dem Förderschwerpunkt Lernen ""Fritz D. v. d.  Schulenburg"" Neukloster",23992,Neukloster,Alte Gärtnerei 1,038422/400211,038422/400215,fs-neukloster@t-online.de,,"Walter, Kerstin"
SN,NWM,FBS,75235859,Landesschule für Blinde und Sehbehinderte,23992,Neukloster,August-Bebel-Allee 7,038422/4520,038422/45212,verwaltung@blindenschule-mv.de,www.blindenschule-mv.de,"Wenzlaff, Roswitha"
SN,NWM,FöG,75235861,"Schule mit dem Förderschwerpunkt geistige Entwicklung ""Am Wallberg"" Neuburg",23974,Neuburg,Neuendorfer Weg 5,038426/20215,038426/22140,Foerderschule.Neuburg@t-online.de,,"Steffen, Rainer"
SN,NWM,IGS,75330618,"Integrierte Gesamtschule ""J .Wolfgang v. Goethe"" Wismar",23966,Wismar,Bei der Klosterkirche 8,03841/282822,03841/223756,Sekretariat@igs-wismar.de,www.igs-wismar.de,"Obermeier, Anka-Sybille"
SN,NWM,KGS,75335849,"Verbundene Regionale Schule und  Gymnasium ""Tisa v.d. Schulenburg"", Dorf Mecklenburg",23972,Dorf Mecklenburg,Ernst-Thälmann-Straße 14,03841/795923,03841/797091,sekretariat@vrs-gym-dm.de,www.vrs-gym-dm.de,"Skodda, Heike"
SN,NWM,RegS,75430610,"Ostsee-Schule Wismar, Regionale Schule",23968,Wismar,B.-Tesch-Straße 31,03841/636675,03841/632775,ostsee-schule@wismar.de,www.ostsee-schule.de,"Brindle, Beate"
SN,NWM,RegS,75430612,"Regionale Schule ""B. Brecht"", Wismar",23966,Wismar,Kapitänspromenade 25,03841/707291,03841/3266863,Brecht-Schule@wismar.de,www.rsbb-wismar.de,"Upahl, Sylvia"
SN,NWM,RegS/GS,75435815,Regionale Schule mit Grundschule Dassow,23942,Dassow,R.-Breitscheid-Straße 50,038826/80436,038826/88963,info@schule-dassow.de,,"Kurda, Sabine"
SN,NWM,RegS,75435816,Regionale Schule Klütz,23948,Klütz,Straße des Friedens 2,038825/22597,038825/23886,realschule-Kluetz@t-online.de,www.schule-kluetz.de,"Malek, Jana"
SN,NWM,RegS/GS,75435817,"Regionale Schule mit Grundschule ""Werner Lindemann"", Lübstorf",19069,Lübstorf,Bahnhofstraße 18,03867/269,03867/9601070,buero@schuleluebstorf.de,www.schule-luebstorf.de,"Pentzien, Andrea"
SN,NWM,RegS/GS,75435824,"Regionale Schule mit Grundschule  ""Am Schweriner See"", Bad Kleinen",23996,Bad Kleinen,Schulstraße 11,038423/228,038423/50988,bad-kleinen-schule@t-online.de,,"Vandreier, Ute"
SN,NWM,RegS/GS,75435830,Regionale Schule mit Grundschule Gadebusch,19205,Gadebusch,Heinrich-Heine-Straße 40,03886/35233,03886/712626,regionale.schule.gdb@gmx.de,www.heinrich-heine-schule-gadebusch.de,"Lehmann, Iris"
SN,NWM,RegS,75435832,"Regionale Schule ""Wasserturm"", Grevesmühlen",23936,Grevesmühlen,Ploggenseering 68,03881/78790,03881/2348,schulleiter@wasserturmschule-gvm.de,www.wasserturmschule-gvm.de,"Hallmann, Brunhilde"
SN,NWM,RegS/GS,75435834,Regionale Schule mit Grundschule Kirchdorf,23999,Kirchdorf,Straße der Jugend 5,038425/20219,038425/42153,regionalschule-insel-poel@freenet.de,www.schule-insel-poel.de,"Reetz, Christiane"
SN,NWM,RegS/GS,75435836,Regionale Schule mit Grundschule Lüdersdorf,23923,Wahrsow,Hauptstraße 21,038821/60736,038828/3302119,schule-luedersdorf@hotmail.de,www.schule-luedersdorf.de,"Ohlsen, Katrin"
SN,NWM,RegS/GS,75435837,Regionale Schule mit Grundschule Lützow,19209,Lützow,Pokrenter Straße 4,038874/22230,038874/21396,schule-luetzow@t-online.de,,"Kalkhorst, Kristin"
SN,NWM,RegS/GS,75435838,Regionale Schule mit Grundschule Mühlen-Eichsen,19205,Mühlen Eichsen,Schulstraße 8,038871/22216,038871/21883,schule-muehlen-eichsen@t-online.de,www.schule-muehlen-eichsen.de,"Schläger, Sybille"
SN,NWM,RegS/GS,75435839,"Regionale Schule mit Grundschule ""Am Rietberg"", Neuburg",23974,Neuburg,Hauptstraße 41,038426/20233,038426/229801,Regionale-Schule.Neuburg@gmx.de,www.regionaleschule-neuburg.de,"Körner, Thomas"
SN,NWM,RegS,75435840,Regionale Schule Neukloster,23992,Neukloster,August-Bebel-Allee 6,038422/20233,038422/29974,regionale.schule.neukloster@web.de,www.regionale-schule-neukloster.de,"Polzin, Roland"
SN,NWM,RegS/GS,75435842,Regionale Schule mit Grundschule Proseken,23968,Proseken,Hauptstraße 18,038428/60232,038428/63544,seketariat@schule-proseken.de,www.schule-proseken.de,"Kruse, Rolf"
SN,NWM,RegS/GS,75435843,"Regionale Schule mit Grundschule ""Käthe Kollwitz"", Rehna",19217,Rehna,Benziner Weg 3,038872/6530,038872/65320,kmeyer@schule-rehna.de,www.schule-rehna.de,"Barsch, Thomas"
SN,NWM,RegS/GS,75435845,Regionale Schule mit Grundschule Schönberg,23923,Schönberg,Dassower Straße 10,038828/25320,038828/25322,info@regio-grundschule-schoenberg.de,www.grundschule-schoenberg.de,"Hoffmann, Sabine"
SN,NWM,RegS/GS,75435846,Regionale Schule mit Grundschule Schlagsdorf,19217,Schlagsdorf,Hauptstraße 18a,038875/20211,038875/20211,schule-schlagsdorf@t-online.de,www.schule.schlagsdorf.de,"Federmann, Ralf"
SN,NWM,Gy,75530615,"Große Stadtschule
Geschwister-Scholl-Gymnasium, Wismar",23966,Wismar,Schulstraße 9/11,03841/282732,03841/205263,stadtschule@scholl-wismar.com,www.scholl-Wismar.de,"Sass, Klaus-Dieter"
SN,NWM,Gy,75530617,"Gerhart-Hauptmann-Gymnasium, Wismar",23966,Wismar,Dahlmannstraße 40,03841/283358,03841/205261,schule@ghg-wismar.com,www.ghg-wismar.com,"Albrecht, Ines"
SN,NWM,Gy,75535850,Gymnasium Gadebusch,19205,Gadebusch,Agnes-Karll-Straße 20,03886/35149,03886/35152,verwaltung@gymnasiumgadebusch.de,www.gymnasiumgadebusch.de,"Litzner, Ingolf"
SN,NWM,Gy,75535851,"Gymnasium am Tannenberg, Grevesmühlen",23936,Grevesmühlen,Rehnaer Straße 51,03881/78820,03881/788227,office@gymnasium-am-tannenberg.de,www.gymnasium-am-tannenberg.de,"Debold, Ute"
SN,NWM,Gy,75535852,"Gymnasium Am Sonnenkamp, Neukloster",23992,Neukloster,August-Bebel-Allee 9,038422/25349,038422/25467,sekretariat@gymnasium-neukloster.de,www.gymnasium-neukloster.de,"Paschen, Astrid"
SN,NWM,Gy,75535853,"Ernst-Barlach-Gymnasium, Schönberg",23923,Schönberg,Goetheplatz 5,038828/24433,038828/23633,sekretariat@ebg-schoenberg.com,www.ebg-Schoenberg.de,"Becker, Frank"
SN,SN,GS,75130403,"Grundschule ""Fritz Reuter"", Schwerin",19053,Schwerin,v.-Thünen-Straße 9,0385/732514,0385/7588679,FritzReuterSchuleSchwerin@t-online.de,www.fritzreuterschule.de,"Eberwein, Anne"
SN,SN,GS,75130405,"Grundschule am Mueßer Berg, Schwerin",19063,Schwerin,Eulerstraße 2,0385/2012107,0385/2010129,grundschule-am-muesser-berg@t-online.de,www.grundschule-am-muesser-berg.de,"Antemann, Andrea"
SN,SN,GS,75130406,"Grundschule ""John Brinckman"", Schwerin",19059,Schwerin,Willi-Bredel-Straße 17,0385/785886,0385/7589519,Grundschule_John_Brinckman@t-online.de,www.europa-brinckman.de,"Schmill, Micaela"
SN,SN,GS,75130408,"Grundschule ""Nils Holgersson"", Schwerin",19061,Schwerin,Friedrich-Engels-Straße 35,0385/3921815,0385/3921816,Nils-Holgersson-Grundschule@t-online.de,www.nils-holgersson-grundschule-schwerin.de,"Pietsch, Carola"
SN,SN,GS,75130410,"Grundschule ""Heinrich Heine"", Schwerin",19055,Schwerin,Amtstraße 3,0385/562758,0385/5557863,H.Heine-Grundschule@t-online.de,www.heinrich-heine-schulverein.de,"König, Annette"
SN,SN,GS,75130411,"Grundschule ""Lankow"", Schwerin",19057,Schwerin,Rahlstedter Straße 3b,0385/4842028,0385/4807575,grundschule_lankow2@t-online.de,www.grundschule-lankow.de,"Schulze, Hannelore"
SN,SN,GS,75130414,"Grundschule ""Friedensschule"", Schwerin",19053,Schwerin,Friedensstraße 14,0385/7851853,0385/7589200,Friedensschule.SN@t-online.de,www.friedensschule-schwerin.de,"Groß, Annett"
SN,SN,FöL,75230437,"Sonderpädagogisches Förderzentrum ""Am Fernsehturm"" Schwerin,  Schule mit dem Förderschwerpunkt Lernen",19063,Schwerin,Hamburger Allee 126,0385/2071125,0385/2182855,sekretariat@schule-am-fernsehturm.de,www.schule-am-fernsehturm.de,"Schulz, Annett"
SN,SN,FöSp,75230439,Sprachheilpädagogisches Förderzentrum Schwerin,19061,Schwerin,A.-Sacharow-Straße 75,0385/3260011,0385/39929904,sprachheilpaed.fz@t-online.de,www.sprachheilschule-schwerin.de,"Grüning, Silvia"
SN,SN,FöK,75230440,"Mecklenburgisches Förderzentrum Schwerin, Schule mit dem Schwerpunkt körperliche und motorische Entwicklung",19057,Schwerin,Ratzeburger Straße 31,0385/485510,0385/4855111,MFZK-Schwerin@t-online.de,www.MFZK-schwerin.de,"Dombrowski, Marion"
SN,SN,FöG,75230441,"Albert-Schweitzer-Schule Schwerin, Schule mit dem Förderschwerpunkt geistige Entwicklung",19063,Schwerin,Liese-Meitner-Straße 1,0385/558570,0385/5585724,Schweitzer-schule.sekretariat@t-online.de,www.foerderschule-albert-schweitzer.de,"Hadler, Birgit"
SN,SN,IGS,75330436,"Integrierte Gesamtschule  ""Bertolt Brecht""  Schwerin",19061,Schwerin,Von-Stauffenberg-Straße 68,0385/3921184,0385/3992960,teamschule-brecht-schwerin@t-online.de,www.brechtschule-schwerin.de,"Arndt, Vera"
SN,SN,RegS,75430421,"Regionale Schule  ""Erich Weinert"", Schwerin",19053,Schwerin,R.-Breitscheid-Straße 23,0385/732524,0385/7610723,weinert-schule-sn@t-online.de,,"Neumann, Fred"
SN,SN,RegS,75430423,"Regionale Schule ""Werner von Siemens"", Schwerin",19057,Schwerin,Rahlstedter Straße 3A,0385/4842037,0385/4867987,siemenssnsl@gmx.de,www.siemensschule-schwerin.de,"Schuldt, Marion"
SN,SN,RegS/GS,75430425,"Regionale Schule mit Grundschule ""Astrid Lindgren"", Schwerin",19063,Schwerin,Tallinner Straße 4 - 6,0385/3921143,0385/3979193,lindgren-schule.sn@t-online.de,www.astrid-lindgren-schule-schwerin.de,"Metzler, Peter"
SN,SN,Gy,75530428,"Gymnasium Fridericianum, Schwerin",19053,Schwerin,Goethestraße 74,0385/302130,0385/3021333,Gymnasium.Fridericianum@t-online.de,www.Fridericianum.de,"Scheibel, Cordula"
SN,SN,Gy,75530429,"Goethe-Gymnasium, Schwerin",19059,Schwerin,J.-R.-Becher-Straße 10,0385/7582050,0385/75820520,schulleitung@goethegymnasium-schwerin.de,www.goethegymnasium-schwerin.de,"Maas, Reinhard"
SN,SN,Gy,75530434,"Sportgymnasium, Schwerin",19059,Schwerin,Von-Flotow-Straße 20,0385/760580,0385/7605820,Sportgym.sn@t-online.de,www.sportgymnasium-schwerin.de,"Westphal, Torsten"
SN,SN,Agy,75530444,Abendgymnasium Schwerin,19053,Schwerin,Goethestraße 74,0385/2079836,0385/2079844,sl@abendgymnasium-schwerin.de,www.abendgymnasium-schwerin.de,"Seidler, Cornelia"
GW,VG,GS,75130102,Käthe-Kollwitz-Grundschule,17489,Greifswald,Knopfstraße 25,03834/8850400,03834/8850401,webmaster@kollwitz-gs.de,www.kollwitz-gs.de ,"Prochnow, Ute"
GW,VG,GS,75130104,"Grundschule  ""Karl Krull"" Greifswald",17489,Greifswald,Bleichstraße 36,03834/540590,03834/540598,karl-krull-grundschule@web.de,www.karl-krull-grundschule.de ,"Hochheim, Kerstin"
GW,VG,GS,75130109,"Grundschule ""Greif"" Greifswald",17491,Greifswald,Max-Planck-Straße 9,03834/812063,03834/884737,greif-gs-hgw@arcor.de,www.grundschule-greif.de ,"Hennings, Beate"
GW,VG,GS,75130111,"Grundschule ""Erich Weinert"" Greifswald",17491,Greifswald,Makarenkostraße 53,03834/812022,03834/883668,webmaster@weinert-gs.de,www.weinert-gs.de ,"Müller, Roland"
GW,VG,GS,75130113,"Grundschule ""Martin-Andersen-Nexö"" Greifswald",17493,Greifswald,Warschauer Straße 16,03834/840189,03834/518263,nexoe-gs-hgw@arcor.de,www.nexoe-grundschule.de ,"Schmidt, Katrin"
GW,VG,GS,75135208,Grundschule Jarmen,17126,Jarmen,Rosenstraße 4,039997/10335,039997/10344,GS_Jarmen@t-online.de,,"Reich, Astrid"
GW,VG,GS,75135209,Diesterweg-Grundschule Loitz,17121,Loitz,Wilhelm-Irrgang-Weg 1,039998/10467,039998/31361,Diesterweggrundschule.Loitz@t-online.de,,"Kühn, Anke"
GW,VG,GS,75135223,"Grundschule ""Peenetal"" Görmin",17121,Görmin,Schulstraße 1,039992/70223,039992/70269,GemeindeGoermin@t-online.de,,"Lüdemann, Jutta"
GW,VG,GS,75135254,Grundschule Tutow,17129,Tutow,Pommernring 21,039999/70208,039999/70213,grundschuletutow@aol.com,www.grundschuletutow.de,"Wegner, Ute"
GW,VG,GS,75135902,"Grundschule ""Gebrüder Grimm"" Anklam",17389,Anklam,Eichenweg 6,03971/245607,03971/258870,gsgrimm-ank@t-online.de,,"Radicke, Andre"
GW,VG,GS,75135904,"Grundschule ""Villa Kunterbunt"" Anklam",17389,Anklam,Adolf-Damaschke-Straße 7,03971/210169,03971/293679,GS_VillaKunterbunt@t-online.de,,"Bölk, Manuela"
GW,VG,GS,75135907,"Grundschule ""An der alten Feuerwehr"" Heringsdorf",17424,Heringsdorf,August-Bebel-Straße 3,038378/22351,038378/22403,grundschule.heringsdorf@ahlbeck.de,www.grundschule-heringsdorf.de,"Vehreschild, Grit"
GW,VG,GS,75135909,Grundschule Züssow,17495,Züssow,Schulweg 2,038355/61387,038355/61330,schulleitung@grundschule-zuessow.de,www.grundschule-zuessow.de,"Maron, Carmen"
GW,VG,GS,75135910,Grundschule Karlshagen,17449,Karlshagen,Schulstraße 4,038371/20633,038371/55447,buero-gsk@gmx.de,www.grundschule-karlshagen.de,"Seber, Antje"
GW,VG,GS,75135912,Grundschule Lassan,17440,Lassan,Schulstraße 5,038374/80461,038374/80461,Grundschule-Lassan@t-online.de,,"Köhn, Marianne"
GW,VG,GS,75135918,Grundschule Wolgast,17438,Wolgast,Baustraße 16,03836/202054,03836/234700,grundschule-wolgast@wolgast.de,,"Hannemann, Katrin"
GW,VG,GS,75135921,"Grundschule ""Lütt Matten"" Wusterhusen",17509,Wusterhusen,Greifswalder Straße 7,038354/22808,038354/22808,schulewusterhusen@web.de,,"Jürgens, Hannelore"
GW,VG,GS,75135923,Grundschule Zinnowitz,17454,Zinnowitz,Dannweg 13,038377/42266,038377/36881,info@gs-zinnowitz.de,,"Goetz, Kerstin"
GW,VG,GS,75135936,"Grundschule ""Fritz Reuter"" Kemnitz",17509,Kemnitz,Schulstraße 2,038352/231,03852/233,GS-Kemnitz@gmx.de,,"Liepe, Carmen"
GW,VG,GS,75135943,"Grundschule ""Lütte Nordlichter"" Dersekow",17498,Dersekow,Straße der Freundschaft 14a,03834/5618,03834/510134,schule-dersekow@t-online.de,,"Lippold, Katja"
GW,VG,GS,75135945,"Grundschule ""Fritz Reuter"" Kröslin",17440,Kröslin,Schulstraße 1,038370/20318,038370/20318,schule.kroeslin@web.de,www.grundschule-kröslin.de,"Rönnau, Silvia"
GW,VG,GS,75135946,"Grundschule ""Schwalbennest"" Krien",17391,Krien,Bauernstraße 3,039723/20244,039723/20127,gskrien@t-online.de,,"Jaeger, Claudia"
GW,VG,GS,75135951,Grundschule Schlatkow,17390,Schlatkow,Dorfstraße 11a,039724/22385,039724/26860,Grundschule-Schlatkow@t-online.de,,"Scheffler, Silke"
GW,VG,GS,75135955,Grundschule  Stadt Usedom,17406,Usedom,Bäderstraße 48,038372/70277,038372/76620,schule-usedom@t-online.de,,"Witt, Kerstin"
GW,VG,GS,75135968,Vineta-Grundschule Koserow,17459,Koserow,Fischerstraße 18,038375/22570,038375/22571,grundschule-koserow@t-online.de,,"Dröse, Petra"
GW,VG,GS,75136201,Grundschule Ahlbeck,17375,Ahlbeck,Dorfstraße 9,039775/20202,039775/20202,gs-ahlbeck-uer@t-online.de,www.gs-ahlbeck.de,"Plantikow, Petra"
GW,VG,GS,75136204,Grundschule Eggesin,17367,Eggesin,Waldstraße 20,039779/20341,039779/27619,grundschule@eggesin.de,www.grundschule-eggesin.de,"Blume, Christiane"
GW,VG,GS,75136206,Grundschule Ferdinandshof,17379,Ferdinandshof,Friedrichstraße 33a,039778/20693,039778/20693,GS-Ferdinandshof@t-online.de,www.gs.ferdinandshof.de,"Seidler, Gerold"
GW,VG,GS,75136209,"Grundschule ""Am See"" Löcknitz",17321,Löcknitz,Am See 10,039754/20612,039754/20629,grundschule-loecknitz@t-online.de,,"Erdmann, Silvia"
GW,VG,GS,75136210,Grundschule Leopoldshagen,17375,Leopoldshagen,Hinterreihe 161,039774/20218,039774/299849,grundschule-leopoldshagen@amt-am-stettiner-haff.de,,"Voigt, Ina"
GW,VG,GS,75136211,Grundschule Mewegen,17322,Mewegen,Ahornstraße 17,039744/50274,039744/50274,KGS.Mewegen@t-online.de,www.kleinegrundschulemewegen.blogspot.de,"Anker, Jens"
GW,VG,GS,75136214,"Grundschule Ueckertal, Pasewalk",17309,Pasewalk,Pestalozzistraße 26,03973/210451,03973/210451,sekretariat@grundschule-ueckertal.de,www.grundschule-ueckertal.de,"Schwarz, Ralf"
GW,VG,GS,75136215,Grundschule Penkun,17328,Penkun,Am Deputantenbruch 6,039751/60168,039751/60120,info@grundschule-penkun.de,,"Markowsky, Silvia"
GW,VG,GS,75136216,Grundschule Strasburg,17335,Strasburg,Baustraße 26,039753/24485,039753/24486,grundschule-strasburg@t-online.de,,"Fredrich, Britta"
GW,VG,GS,75136217,Pestalozzi-Grundschule Torgelow,17358,Torgelow,Goethestraße 2,03976/202559,03976/202580,Pestalozzi.grundschule@web.de,www.pestalozzigrundschule-torgelow.de,"Manteufel, Almut"
GW,VG,GS,75136221,Haff-Grundschule Ueckermünde,17373,Ueckermünde,Geschw.-Scholl-Straße 40,039771/27205,039771/59037,Grundschule-Ueckermuende@t-online.de,,"Illgen, Katja"
GW,VG,GS,75136249,Grundschule Jatznick,17309,Jatznick,Ackerstraße 5,039741/80234,039741/86095,grundschulejatznick@t-online.de,,"Paul, Anke"
GW,VG,FöL,75230137,"Schule ""Johann Heinrich Pestalozzi"" Greifswald - Schule mit Förderschwerpunkt Lernen",17489,Greifswald,Wolgaster Straße 62,03834/3909,03834/830346,Pestalozzischule-Greifswald@kreis-vg.de,www.pestalozzischule-greifswald.de,"Geisler, Ursula"
GW,VG,FöV/FöL,75235962,"Sonderpädagogisches Förderzentrum ""Biberburg"" Anklam - Schule mit den Förderschwerpunkten Lernen, emotionale und soziale Entwicklung und Sprache",17389,Anklam,Mühlenstraße 8 c,03971/210552,03971/211952,foerderzentrum-anklam@t-online.de,,"Ihrke, Angelika"
GW,VG,FöV/FöL,75235963,"Schule ""Am Park"" Behrenhoff - Schule mit den Förderschwerpunkten Lernen und emotionale und soziale Entwicklung",17498,Behrenhoff,Dorfstraße 21,038356/251,038356/51849,schule-behrenhoff@t-online.de,,"Schmid, Edeltraut"
GW,VG,FöL,75235965,Janusz-Korczak-Schule Wolgast - Schule mit dem Förderschwerpunkt Lernen,17438,Wolgast,Schulstraße 5,03836/202459,03836/2324465,Korczak-Schule-Wolgast@kreis-vg.de,,"Licht, Marina"
GW,VG,FöG,75235966,"""Kleeblattschule""  Anklam - Förderschule mit dem Förderschwerpunkt geistige Entwicklung",17389,Anklam,Baustraße 59,03971/211520,03971/242284,kleeblattschule-anklam@kreis-vg.de,,"Kuhn, Brigitte"
GW,VG,FöG,75235967,Schule Am Stettiner Haff Zirchow - Schule mit dem Förderschwerpunkt geistige Entwicklung,17419,Zirchow,Am Haff 12,038376/20313,038376/29163,fg-zirchow@kreis-vg.de,,"Tetzlaff, Marianne"
GW,VG,FöL,75236244,Schlossbergschule - Sonderpädagogisches Förderzentrum Pasewalk - Schule mit dem Förderschwerpunkt Lernen,17309,Pasewalk,Schützenstraße 13,03973/441024,03973/2049787,schulleiter@schlossbergschule.com,www.schlossbergschule.com,"Daberkow, Michaela"
GW,VG,FöL,75236246,Sonderpädagogisches Förderzentrum Eggesin - Schule mit dem Förderschwerpunkt Lernen,17367,Eggesin,Lindenstraße 35,03976/87604501,03834/87609401,spfz-eggesin@kreis-vg.de,,"Kunath, Marina"
GW,VG,FöG,75236247,"Randow-Schule Löcknitz
Schule mit dem Förderschwerpunkt geistige Entwicklung ",17321,Löcknitz,Am See 11,039754/51733,039754/51733,randow-schule@kreis-vg.de,,"Belz, Michael"
GW,VG,FöG,75236248,Schule mit dem Förderschwerpunkt geistige Entwicklung Ferdinandshof,17379,Ferdinandshof,Gartenstraße 1,039778/28718,039778/28727,fil-ferdinandshof@t-online.de,,"Zimmermann, Irene"
GW,VG,IGS,75330122,"Integrierte Gesamtschule ""Erwin Fischer"" Greifswald",17491,Greifswald,Einsteinstraße 6,03834/500775,03834/889214,fischer-igs-hgw@arcor.de,,"Kagel, Heike"
GW,VG,KGS,75335952,"Europäische Gesamtschule Insel Usedom, Kooperative Gesamtschule",17419,Ahlbeck,Lindenstraße 112,038378/28107,038378/336560,sekretariat@kgs-ahlbeck.de,www.kgs-ahlbeck.de,"Räsch, Jürgen"
GW,VG,RegS,75430120,"Regionale Schule ""Ernst Moritz Arndt"" Greifswald",17489,Greifswald,Arndtstraße 37,03834/500062,03834/518449,regs-arndt-hgw@arcor.de,www.arndtschule.de,"Leddin, Angela"
GW,VG,RegS,75430128,"Regionale Schule ""Caspar David Friedrich"" Greifswald",17493,Greifswald,Usedomer Weg 1,03834/840196,03834/830101,regs-friedrich@t-online.de,www.caspar-david-friedrich-schule-greifswald.de,"Heiden, Rainer"
GW,VG,RegS,75435230,Regionale Schule Jarmen,17126,Jarmen,Demminer Straße 11,039997/10202,039997/12776,Regionale_Schule_Jarmen@t-online.de,www.reg-schule-jarmen.de,"Ilg, Carmen"
GW,VG,RegS,75435231,Regionale Schule Loitz,17121,Loitz,Goethestraße 64,039998/10376,039998/10374,schule.loitz@t-online.de,,"Fandrich, Frank"
GW,VG,RegS,75435926,"Regionale Schule ""Friedrich Schiller"" Anklam",17389,Anklam,Eichenweg 6,03971/245649,03971/245608,SL-Friedrich.Schiller@t-online.de,,"Wutzke, Eckhard"
GW,VG,RegS,75435927,"Regionale Schule ""Käthe Kollwitz"" Anklam",17389,Anklam,Baustraße 56/58,03971/210574,03971/213526,RegSchule-Kollwitz-SL@t-online.de,www.kollwitzschule-anklam.de,"Laue, Marion"
GW,VG,RegS,75435929,"Regionale Schule ""G. L. Th. Kosegarten"" Wolgast",17438,Wolgast,Baustraße 16,03836/202168,03836/202219,Kosegartenschule@freenet.de,www.regionalschule-kosegarten-wolgast.de,"Hämmerling, Gerhard"
GW,VG,RegS/GS,75435930,Regionale Schule mit Grundschule Wolgast,17438,Wolgast,Heberleinstraße 32,03836/202172,03836/234019,Schule.heberlein@t-online.de,,"Fennert, Roswitha"
GW,VG,RegS/GS,75435931,"Regionale Schule mit Grundschule ""Peenetal"" Gützkow",17506,Gützkow,Mascowstraße 12a,038353/201,038353/50621,schulleitung@peenetal-schule.de,,"Hadrath, Ulf"
GW,VG,RegS,75435933,Ostseeschule  Ückeritz,17459,Ückeritz,Strandstraße 3,038375/20935,038375/20647,schule-ueckeritz@gmx.de,,"Biedenweg, Peter"
GW,VG,RegS,75435935,"Regionale Schule ""Heinrich Heine"" Karlshagen",17449,Karlshagen,Schulstraße 4,038371/20239,038371/20293,H.-Heine-Schule-Karlshagen@t-online.de,www.Heinrich-Heine-Schule-Karlshagen.de,"Schönberg, Marlies"
GW,VG,RegS,75435939,"Regionale Schule ""Am Teufelsstein"" Lubmin",17509,Lubmin,Seestraße 11,038354/22836,038354/22840,schulelubmin@t-online.de,,"Knorr, Bernd-Ulrich"
GW,VG,RegS/GS,75435944,Lindenschule Ducherow - Regionale Schule mit Grundschule,17398,Ducherow,Thomas-Müntzer-Straße 10,039726/25549,039726/25548,schule-ducherow-sl@t-online.de,www.regionaleschule-durcherow.de,"Hytra, Ines"
GW,VG,RegS/GS,75435948,"Regionale Schule mit Grundschule  ""Schule am Bodden"" Neuenkirchen",17498,Neuenkirchen,Wampener Straße 19,03834/2478,03834/773972,info@schuleambodden.de,www.schuleambodden.de,"Leu, Bernd"
GW,VG,RegS/GS,75435954,Regionale Schule mit Grundschule Spantekow,17392,Spantekow,Schulstraße 8,039727/20358,039727/26770,sekretariat@schule-spantekow.de,www.schule-spantekow.de,"Ochel, Frank"
GW,VG,RegS,75436226,"Regionale Schule ""Arnold Zweig"" Pasewalk",17309,Pasewalk,Pestalozzistraße 25,03973/216631,03973/216635,sekretariat@regs-arnold-zweig-pasewalk.de,,"Haack, Norbert"
GW,VG,RegS,75436228,"Regionale Schule ""Albert Einstein"" Torgelow",17358,Torgelow,A.-Einstein-Straße 3,03976/201320,03976/250745,RegS.tgl@t-online.de,www.einsteinschule.de,"Zech, Katrin"
GW,VG,RegS,75436229,"Regionale Schule ""Ernst Thälmann"" Eggesin",17367,Eggesin,Luckower Straße 6a,039779/20539,039779/60324,regioschule@eggesin.de,,"Pott, Friedrich-Wilhelm"
GW,VG,RegS,75436230,"Regionale Schule ""Hanno Günther"" Ferdinandshof",17379,Ferdinandshof,Friedrichstraße 33a,039778/20233,039778/28155,schule.ferdinandshof@web.de,www.schule.ferdinandshof.de,"Beckert, Gerald"
GW,VG,RegS,75436231,Regionale Schule Löcknitz,17321,Löcknitz,Am See 9,039754/20611,039754/51564,rsloecknitz_sl@gmx.de,www.regs-loecknitz.de,"Scheel, Hans-Jürgen"
GW,VG,RegS,75436232,Regionale Schule Penkun,17328,Penkun,Stettiner Tor 4,039751/60265,039751/60266,regschulepenkun@t-online.de,,"Ganske, Roland"
GW,VG,RegS,75436234,Regionale Schule Ueckermünde,17373,Ueckermünde,Ueckerstraße 59,039771/54990,039771/549919,regionale.schule-ueckermuende@t-online.de,www.regionaleschule-ueckermuende.de,"Ewert, Dieter"
GW,VG,RegS,75436236,"Regionale Schule ""Am Wasserturm"" Strasburg",17335,Strasburg,Lindenstraße 3c,039753/20493,039753/22514,realschule-strasburg@t-online.de,www.regionale-schule-strasburg.de,"Kittler, Wolfgang"
GW,VG,Gy,75530135,"Gymnasium ""Alexander von Humboldt"" Greifswald",17491,Greifswald,Makarenkostraße 54,03834/80560,03834/805666,schulleiter@humboldt-greifswald.de,www.humboldt-greifswald.de,"Burmeister, Ulf"
GW,VG,Gy,75530136,"Gymnasium ""Friedrich Ludwig Jahn"" Greifswald",17489,Greifswald,Dietrich-Bonhoeffer-Platz 1,03834/7920,03834/792222,kontakt@Jahngymnasium.de,www.jahngymnasium.de,"Dr. Albrecht, Bernd"
GW,VG,Agy,75530138,"Abendgymnasium ""Wolfgang Koeppen"" Greifswald",17489,Greifswald,Dietrich-Bonhoeffer-Platz 1,03834/885198,03834/885244,leitung@abendgym-greifswald.de,www.abendgym-greifswald.de,"Günther, Gudrun"
GW,VG,Gy,75535957,"""Lilienthal-Gymnasium"" Anklam",17389,Anklam,Leipziger Allee 22-25,03971/243187,03971/243188,Lilienthal-Gymnasium-Anklam@t-online.de,,"Ruta, Mathias"
GW,VG,Gy,75535958,"""Schloss-Gymnasium"" Gützkow",17506,Gützkow,Baron-von-Lepel-Platz 2,038353/257,038353/50889,schlossgym.verwaltung@gmx.de,www.schlossgym-guetzkow.de,"Uhlig, Ulf"
GW,VG,Gy,75535960,Runge-Gymnasium Wolgast,17438,Wolgast,Schulstraße 1,03836/2363200,03836/2363201,Runge-Gymnasium@kreis-vg.de,www.runge-gymnasium-wolgast.de,"Roggow, Karl-Uwe"
GW,VG,Gy,75536238,Deutsch-Polnisches Gymnasium Löcknitz,17321,Löcknitz,F.-Engels-Straße 5-6,039754/21179,039754/21179,dpg-l@t-online.de,www.dpg-loecknitz.de,"Metz, Regina"
GW,VG,Gy,75536239,"Gymnasium ""Oskar Picht"" Pasewalk",17309,Pasewalk,Grünstraße 63,03973/210203,03973/210220,Manuela.Stange@kreis-vg.de,www.gymnasium-pasewalk.de,"Kühne-Hellmessen, Cornelia"
GW,VG,Gy,75536242,Greifen-Gymnasium Ueckermünde,17373,Ueckermünde,Apfelallee 2,039771/22596,039771/22597,ssl@gymnasium-ueckermuende.de,www.gymnasium-ueckermuende.de,"Dittmann, Markus"
GW,VR,GS,75130501,"Montessori-Grundschule ""Lambert Steinwich"" Stralsund",18435,Stralsund,An den Bleichen 27,03831/308717,03831/308737,montessori-grundschule@stralsund.de,www.montessori-grundschule-stralsund.de,"Grieser-Polak, Katrin"
GW,VR,GS,75130504,"Grundschule""Karsten Sarnow"" Stralsund",18435,Stralsund,Arnold-Zweig-Straße 159,03831/391082,03831/382814,sarnow-grundschule@stralsund.de,,"Schlimper, Martina"
GW,VR,GS,75130506,"Grundschule ""Ferdinand von Schill"" Stralsund",18437,Stralsund,Mühlgrabenstraße 6,03831/498483,03831/481743,Schill-Schule@Stralsund.de,,"Möhring, Catrin"
GW,VR,GS,75130508,"Grundschule ""Hermann Burmeister"" Stralsund",18437,Stralsund,Jaromarstraße 10,03831/495080,03831/443142,burmeister-grundschule@stralsund.de,www.burmeister-grundschule-stralsund.de,"Rossow, Thekla"
GW,VR,GS,75130509,"Grundschule ""Gerhart Hauptmann"" Stralsund",18439,Stralsund,Frankenwall  25,03831/306073,03831/306072,hauptmann-grundschule-schulleitung@stralsund.de,www.gs-hauptmann-stralsund.de,"Koch, Christine"
GW,VR,GS,75130510,"Grundschule ""Juri Gagarin"" Stralsund",18435,Stralsund,Wallensteinstraße 8,03831/391103,03831/302615,gagarin-grundschule@stralsund.de,www.gagarin-grundschule.de,"Wittenburg, Mary"
GW,VR,GS,75130515,Grundschule Andershof,18439,Stralsund,Greifswalder Chaussee 65a,03831/270574,03831/278058,grundschule-andershof@stralsund.de,www.schule-andershof.de.vu,"Harfenmeister, Ramona"
GW,VR,GS,75135701,Grundschule Bad Sülze,18334,Bad Sülze,Kastanienallee 7,038229/259,038229/799956,grundschule-bs@freenet.de,www.grundschule-badsuelze.de,"Witschurke, Grit"
GW,VR,GS,75135706,Grundschule Brandshagen,18519,Brandshagen,Neuhöfer Straße 1,038328/80403,038328/650047,gs-brandshagen@t-online.de,,"Kieschnick, Antje"
GW,VR,GS,75135707,Grundschule Dierhagen,18347,Dändorf,Strandstraße 4,038226/267,038226/267,grundschule_dierhagen@t-online.de,,"Bretzke, Silke"
GW,VR,GS,75135711,"Grundschule ""Friedrich Wilhelm Wander"" Grimmen",18507,Grimmen,Norderhinterstraße 12,038326/66620,038326/66621,gs_f_w_wander@grimmen.de,,"Rüster, Angela"
GW,VR,GS,75135712,"Grundschule ""Dr. Theodor Neubauer"" Grimmen",18507,Grimmen,Zum Rodelberg 2,038326/46567,038326/46578,gs_dr_th_neubauer@grimmen.de,,"Mietzner, Birgit"
GW,VR,GS,75135713,Grundschule Horst,18519,Horst,Dorfstraße,038333/213,038333/213,grundschule.horst@t-online.de,,"Lindemann, Heidemarie"
GW,VR,GS,75135715,Grundschule Süderholz,18516,Süderholz,Schulstraße 6,038332/314,038332/384,sdrescher@suederholz.de,,"Drescher, Sigrid"
GW,VR,GS,75135717,"Grundschule ""Thomas Müntzer"" Lüdershagen",18314,Lüdershagen,Dorfstrasse 4,038227/331,038227/599953,gs-thomas-muentzer@t-online.de,www.grundschule-thomas-müntzer-lüdershagen.de,"Lange, Elke"
GW,VR,GS,75135719,Kranich - Grundschule Altenpleen,18445,Altenpleen,Stralsunder Straße 27,038323/824,038323/268702,kranich.gs@t-online.de,,"Sagner, Petra"
GW,VR,GS,75135722,"Grundschule "" Heinrich Bandlow"" Tribsees",18465,Tribsees,Karl-Worm-Straße 1,038320/342,038320/183180,grundschule.tribsees@t-online.de,www.grundschule-tribsees.de,"Telzerow, Frank"
GW,VR,GS,75135723,Grundschule Velgast,18469,Velgast,E.-Thälmann-Straße 44,038324/89205,038324/89206,Grundschule-Velgast@gmx.de,www.grundschule-velgast.de,"Sperling, Rita"
GW,VR,GS,75135731,"Grundschule ""Theodor Bauermeister"" Ribnitz-Damgarten",18311,Ribnitz-Damgarten,Bauermeisterplatz 1,03821/810226,03821/390158,Bauermeisterschule@arcor.de,www.bauermeisterschule.de,"Schütt, Irene"
GW,VR,GS,75135733,"Grundschule ""Karl Krull"" Steinhagen",18442,Steinhagen,Schulstraße 2,038327/60649,038327/61455,schule_steinhagen@t-online.de,www.grundschule-karl-krull-steinhagen.de,"Ising, Anja"
GW,VR,GS,75135743,Grundschule Abtshagen,18510,Abtshagen,Wittenhäger Straße 14,038327/703,038327/40704,Realschule.abtshagen@t-online.de,,"Ruthenberg, Karin"
GW,VR,GS,75135754,"Zentrale Grundschule ""F.-A.-Nobert"" Barth",18356,Barth,Chausseestraße 21,038231/2554,038231/82274,nobert-schule@stadt-barth.de,www.norbert-schule.de,"Roßmann, Birgit"
GW,VR,GS,75135756,Grundschule Grammendorf,18513,Grammendorf,Dorfstraße 65,038334/69303,038334/69306,schulleitung@schule-grammendorf.de,www.schule-grammendorf.de,"Buck, Annette"
GW,VR,GS,75135757,Grundschule Marlow,18337,Marlow,An der Schule 2,038224/234,038224/44520,schulegresenhorst@stadtmarlow.de,www.grundschule-gresenhorst.de,"Nilson, Kerstin"
GW,VR,GS,75135774,Recknitz-Grundschule Ahrenshagen,18320,Ahrenshagen,Hauptstraße 34,038225/515711,038225/515715,info@recknitz-grundschule.de,www.recknitz-gs.de,"Harrje, Ute"
GW,VR,GS,75136104,"Grundschule ""Altstadt"" Bergen",18528,Bergen auf Rügen,Breitsprecherstraße 18,03838/22139,03838/822475,Grundschule_Altstadt_Bergen@t-online.de,www.grundschule-altstadt-bergen.de,"Bonau, Rüdiger"
GW,VR,GS,75136105,"Grundschule ""Am Rugard"" Bergen",18528,Bergen auf Rügen,Königstraße 23c,03838/253399,03838/8227953,info@grundschule-am-rugard.de,,"Kapust, Ute"
GW,VR,GS,75136106,Grundschule Binz,18609,Binz,Dollahner Straße 77,038393/2327,038393/14534,GrundschuleOstseebadBinz@t-online.de,www.grundschule-binz.de,"Zielke, Ralph"
GW,VR,GS,75136111,Grundschule Garz,18574,Garz/Rügen,Lindenstraße 27,038304/320,038304/320,grundschule-garz@t-online.de,,"Schumacher, Christina"
GW,VR,GS,75136116,Grundschule  Putbus,18581,Putbus,Lauterbacher Straße 6,038301/547,038301/61180,grundschule-putbus@t-online.de,,"Martens, Sabine"
GW,VR,GS,75136117,Grundschule Sagard,18551,Sagard,Schulstraße 15,038302/2001,038302/51408,info.gs-sagard@web.de,,"Moldtmann, Karin"
GW,VR,GS,75136118,Grundschule Samtens,18573,Samtens,Neubaustraße 32,038306/1300,038306/21121,GSSamtens@web.de,,"Meißner, Elke"
GW,VR,GS,75136120,"Grundschule ""Ostseeblick"" Sassnitz",18546,Sassnitz,Schulstraße 5,038392/32360,038392/649759,grundschule-ostseeblick@t-online.de,www.nationalparkschule-ostseeblick.de,"Graeber, Heike"
GW,VR,GS,75136123,Grundschule Sellin,18586,Sellin,Granitzer Straße 1b,038303/87320,038303/85472,Grundschule.Sellin@t-online.de,www.grundschule-sellin.de,"Eckert, Anne"
GW,VR,GS,75136124,Grundschule Wiek,18556,Wiek,Hauptstraße 35,038391/70302,038391/70302,Grundschule-Wiek@t-online.de,www.grundschule-wiek.de,"Bonau, Birgit"
GW,VR,GS,75136126,"Grundschule ""Mönchgut"" Gager",18586,Gager,Boddenstraße 1a,038308/8235,038308/30236,Grundschule-Moenchgut@t-online.de,www.Grundschule-Moenchgut.de,"Wolff, Silke"
GW,VR,FöL,75230523,Sonderpädagogisches Förderzentrum der Hansestadt Stralsund - Schule mit dem Förderschwerpunkt Lernen und Grundschulteil mit Förderschwerpunkt Sprache,18435,Stralsund,Kleine Parower Straße 39,03831/391084,03831/307191,steinwich-foerderzentrum@stralsund.de,www.foerderzentrum-stralsund.de,"Ott, Antje"
GW,VR,FöG,75230524,"Förderschule ""Astrid Lindgren"" Stralsund - Schule mit Förderschwerpunkt geistige Entwicklung",18435,Stralsund,L.-Feuchtwanger-Straße 34,03831/390525,03831/374830,lindgren-schule@stralsund.de,www.stralsund.de/schulen/lindgren,"Brackmann-Krämer, Regina"
GW,VR,FöV/FöKr,75230525,"Förderschule ""Ernst von Haselberg"" Stralsund - Schule mit Förderschwerpunkt Unterricht kranker Schülerinnen und Schüler sowie mit Förderschwerpunkt emotionale und soziale Entwicklung",18437,Stralsund,Rostocker Chaussee 70 ,03831/452665,03831/452675,klinikum-schule@stralsund.de,,"Behrndt, Selma-Maria"
GW,VR,FöL,75235767,"Förderschule ""Jan-Amos-Komensky"" Barth - Schule mit dem Förderschwerpunkt Lernen",18356,Barth,Uhlenflucht 5,038231/2275,038231/66371,komensky-schule@t-online.de,,"Palatschek, Liane"
GW,VR,FöL,75235769,Sonderpädagogisches Förderzentrum Grimmen - Schule mit dem Förderschwerpunkt Lernen,18507,Grimmen,Dr.-Kurt-Fischer-Straße 13,038326/2423,038326/53735,foerderschule-grimmen@t-online.de,www.foerderzentrum-grimmen.de,"Möller, Heike"
GW,VR,FöL,75235770,"Förderzentrum ""Johann Heinrich Pestalozzi"" Ribnitz-Damgarten - Schule mit dem Förderschwerpunkt Lernen",18311,Ribnitz-Damgarten,Minsker Straße 11,03821/2784,03821/894816,foerderzentrumRibnitz@gmx.de,,"Dietzel, Jacqueline"
GW,VR,FöG,75235771,"""Sonnenblumenschule"" Franzburg - Schule mit dem Förderschwerpunkt geistige Entwicklung",18461,Franzburg,Karl-Marx-Straße 25,038322/50209,038322/589948,sekretariat@sonnenblumenschule-franzburg.de,www.sonnenblumenschule-franzburg.de,"Wegener, Annegret"
GW,VR,FöG,75235773,"""Rosenhofschule"" Ribnitz-Damgarten  - Schule mit dem Förderschwerpunkt geistige Entwicklung",18311,Ribnitz-Damgarten,G.-A.-Demmler-Straße,03821/2740,03821/811235,Rosenhofschule-Ribnitz@t-online.de,www.rosenhofschule.de,"Höfs, Silke"
GW,VR,FöL,75236154,"Sonderpädagogisches Förderzentrum ""Klaus Störtebeker"" Bergen - Schule mit dem Förderschwerpunkt Lernen",18528,Bergen auf Rügen,Störtebekerstraße 8a,03838/23012,03838/828102,sfzbergen@t-online.de,,"Schöning, Anne"
GW,VR,KGS,75330519,Schulzentrum am Sund Stralsund - Verbundene Regionale Schule und Gymnasium,18439,Stralsund,Frankenhof 8,03831/292438,03831/303977,schulzentrum@stralsund.de,www.schulzentrum-am-sund.de,"Landt, Regina"
GW,VR,IGS,75330522,"Integrierte Gesamtschule ""Grünthal"" -mit gymnasialer Oberstufe Stralsund",18437,Stralsund,Grünthal 12,03831/498520,03831/444476,igs-gruenthal@stralsund.de,www.igs-gruenthal.de,"Renneberg, Ralph"
GW,VR,KGS,75335762,"Gymnasiales Schulzentrum Barth,
Kooperative Gesamtschule",18356,Barth,Uhlenflucht 5,038231/6730,038231/673222,schulzentrum.gym@t-online.de,,"Schmidt, Rainer"
GW,VR,RegS,75430511,"Regionale Schule ""Hermann Burmeister"" Stralsund",18437,Stralsund,Jaromarstraße 10,03831/494891,03831/445805,burmeister-schule-schulleitung@stralsund.de,www.burmeisterschule-stralsund.de,"Sintara, Frank"
GW,VR,RegS,75430513,"Regionale Schule ""Adolph Diesterweg"" Stralsund",18435,Stralsund,Rudolf-Virchow-Straße 23,03831/380088,03831/308381,diesterweg-schule@stralsund.de,www.diesterweg-stralsund.de,"Schwedhelm, Gero"
GW,VR,RegS,75430514,"Regionale Schule ""Marie Curie"" Stralsund",18435,Stralsund,L. Feuchtwanger-Straße 35,03831/382575,03831/383023,curie-schule@stralsund.de,www.curie-schule.de,"Thiede, Axel"
GW,VR,RegS,75435736,"Regionale Schule ""Robert Koch"" Grimmen",18507,Grimmen,Str. der Befreiung 73,038326/2351,038326/455453,rs_r_koch@grimmen.de,www.kochschule-grimmen.de,"Harder, Marion"
GW,VR,RegS,75435739,"Regionale Schule  ""An der Prohner Wiek"" Prohn",18445,Prohn,Ringstraße 10,038323/216,038323/71138,buero@rs-prohn.de,www.rs-prohn.de,"Bräunig, Christel"
GW,VR,RegS,75435740,"Regionale Schule ""Rudolf Harbig"" Ribnitz-Damgarten",18311,Ribnitz-Damgarten,Schulstraße 13,03821/62019,03821/720441,realschule-damgarten@t-online.de,www.rudolf-harbig-schule.de,"Schaperjahn, Kerstin"
GW,VR,RegS/GS,75435741,"Regionale Schule mit Grundschule ""bernsteinSchule"" Ribnitz-Damgarten",18311,Ribnitz-Damgarten,G.-Adolf-Demmlerstraße 4,03821/810425,03821/810703,c.rebbin@bernsteinschule.de,www.bernsteinschule.de,"Bonke, Christina"
GW,VR,RegS/GS,75435744,Martha-Müller-Grählert-Schule Franzburg,18461,Franzburg,Platz des Friedens 15a,038322/736,038322/58541,RegSFranzburg@t-online.de,www.schule-franzburg.de,"Engel, Andrea"
GW,VR,RegS,75435746,Regionale Schule  Reinberg,18519,Reinberg,Schulweg 1,038328/80825,038328/80825,rsreinberg@yahoo.de,www.schule-reinberg.de,"Voß, Sybille"
GW,VR,RegS,75435750,Regionale Schule Recknitz-Trebeltal,18465,Tribsees,Karl-Worm-Straße 2,038320/47941,038320/47946,regionale.schule.tribsees@t-online.de,www.regionale-schule-tribsees.com,"Fruhriep, Heike"
GW,VR,RegS/GS,75435753,Regionale Schule mit Grundschule Zingst,18374,Zingst,Schulstraße 1,038232/16960,038232/169620,info@regionale-schule-zingst.de,www.regionale-schule-zingst.de,"Schneider, Jürgen"
GW,VR,RegS/GS,75435758,"Regionale Schule mit Grundschule ""Prof. Pflugradt"" Niepars",18442,Niepars,Gartenstraße 86,038321/310,038321/310,mail@schule-niepars.de,www.schule-niepars.de,"Steffen, Renaldo"
GW,VR,RegS,75436131,"Regionale Schule ""Am Rugard"" Bergen",18528,Bergen auf Rügen,Sassnitzer Chaussee 7A,03838/2010450,03838/2010451,rs.am.rugard@stadt-bergen-auf-ruegen.de,,"Neubeck, Heinz"
GW,VR,RegS,75436132,Regionale Schule Binz,18609,Binz,Ringstraße 5,038393/2842,038393/32627,sekretariat@regionale-schule-binz.de,www.regionale-schule-binz.de,"Werner, Peter"
GW,VR,RegS,75436134,Regionale Schule am Burgwall Garz,18574,Garz/Rügen,Am Burgwall 7,038304/329,038304/12559,schule.garz@t-online.de,www.burgwallschule-garz.de,"Laue, Elke"
GW,VR,RegS,75436142,"Regionale Schule ""Am Grünen Berg"" Bergen",18528,Bergen auf Rügen,Störtebekerstraße 8c,03838/23249,03838/404647,sekretariat@regs-am-gruenen-berg.de,www.regs-am-gruenen-berg.de,"Reiher, Angela"
GW,VR,RegS/GS,75436143,Regionale Schule mit Grundschule Gingst,18569,Gingst,H.-Matern-Straße 1,038305/55184,038305/55187,schulegingst@hotmail.com,www.schulegingst.de,"Mostek, Eckhard"
GW,VR,RegS,75436145,Regionale Schule Sassnitz,18546,Sassnitz,Geschw.-Scholl-Straße 8,038392/32176,038392/63109,regio_schul_sassnitz@web.de,www.regionale-schule-sassnitz.de,"Appelbohm, Birgit"
GW,VR,RegS,75436146,"Regionale Schule ""Windland"" Altenkirchen",18556,Altenkirchen,Schulstraße 1,038391/216,038391/439854,schule.altenkirchen@freenet.de,,"Knebusch, Kirsten"
GW,VR,RegS,75436147,"Regionale Schule ""Tom Beyer"" Göhren",18586,Göhren,G.-Hauptmann-Straße 1,038308/2163,038308/669867,regionalschule-goehren@t-online.de,www.regs-goehren.de,"Schröder, Olaf"
GW,VR,RegS/GS,75436150,Regionale Schule mit Grundschule Vitte,18565,Vitte,Schulweg 4,038300/608955,038300/608957,schulleitung@schule-hiddensee.de,www.schule-insel-hiddensee.de,"Dahlke, Cornelia"
GW,VR,Gy,75530520,"""Hansa -Gymnasium"" Stralsund",18439,Stralsund,Fährwall 19,03831/28960,03831/289625,post@hansagymnasium-stralsund.de,www.hansagymnasium-stralsund.de,"Janke, Thomas"
GW,VR,Gy,75535764,Gymnasium Grimmen,18507,Grimmen,Anemonenweg 2,038326/6710,038326/67149,gymgrimmen@freenet.de,www.gymnasiumgrimmen.de,"Kasch, Norbert"
GW,VR,Gy,75535766,"Gymnasium ""Richard Wossidlo"" Ribnitz-Damgarten",18311,Ribnitz-Damgarten,Schulstraße 15,03821/708911,03821/708924,mail@wossidlogymnasium.de,www.wossidlogymnasium.de,"Schermuk, Sigrid"
GW,VR,Gy,75536151,"Gymnasium ""Ernst Moritz Arndt"" Bergen",18528,Bergen auf Rügen,Arndtstraße 7,03838/3150280,03838/255436,info@gymnasium-bergen.de,www.emagymn-bergen.de,"Racky, Christoph"