Gemeindenummer,Schulkenziffer,Trägerschaft,PLZ,Stadt/Gemeinde,Strasse,Bezeichnung der Schule,Telefon,Fax,Email,Internet,Klassen,Schüler/innen_insges,Schüler/innen_weibl,Schulkindergärten_Klassen,Schulkindergärten_Schüler/innen_insges,Schulkindergärten_Schüler/innen_weibl,Ganztagsschule_gebunden,Ganztagsschule_freiwillig,Ganztagsschule_keine,intern,Schultyp
1100,101031,öffentlich,66121,Saarbrücken,Rostocker Straße 97,Grundschule Eschberg,0681-812121,0681-812501,gseschberg@saarbruecken.de,,9,202,96,-,-,-,,,X,1,Grundschule
1100,101051,öffentlich,66111,Saarbrücken,Schumannstraße 42,Max-Ophüls-Grundschule Saarbrücken,0681-36684,0681-36628,max-ophuels-gs-saarbrueckn@web.de,,14,292,145,-,-,-,,X,,1,Grundschule
1100,101071,öffentlich,66115,Saarbrücken,St. Josef-Straße 11,Ganztagsgrundschule Saarbrücken-Kirchberg,0681-42090,0681-4171585,gtgskirchberg@saarbruecken.de,www.kirchbergschule-sb.de,12,263,118,-,-,-,X,,,1,Grundschule
1100,101081,öffentlich,66125,Saarbrücken,Am Geisenberg 41,Grundschule Dudweiler,06897-972380,06897-972382,gsalbertschweitzer@saarbruecken.de,,8,172,90,-,-,-,,X,,1,Grundschule
1100,101111,öffentlich,66113,Saarbrücken,Im Knappenroth 2,Grundschule Rastpfuhl,0681 - 71704,0681-7300540,GSRASTPFUHL@saarbruecken.de,www.gs-rastpfuhl.de,10,204,99,-,-,-, ,X,,1,Grundschule
1100,101131,öffentlich,66113,Saarbrücken,Am Hof 28,Grundschule Russhütte,0681-41166,0681-41620021,gsrusshuette@saarbruecken.de,,6,117,55,-,-,-,,X,,1,Grundschule
1100,101151,öffentlich,66115,Saarbrücken,Kirchberg 3,Grundschule Saarbrücken- Wallenbaum,0681-42001,0681-4170211,,,9,158,74,-,-,-,,X,,1,Grundschule
1100,101211,öffentlich,66125,Saarbrücken,Saarbrücker Straße 289,Grundschule Turmschule Dudweiler,0681-905-8960,0681-905-2367,turmschule.dudweiler@saarbruecken.de,www.turmschule-dudweiler.de,12,256,133,-,-,-,,X,,1,Grundschule
1100,101221,öffentlich,66125,Saarbrücken,Marktstraße 43,Grundschule Herrensohr,06897-762486,06897/972961,GSHerrensohr@saarbruecken.de,,8,130,60,-,-,-,,X,,1,Grundschule
1100,101261,öffentlich,66133,Saarbrücken-Scheidt,Schulstraße 10,Freiwillige Ganztagsgrundschule Plus Sbr.-Scheidt,0681-814652,0681-814674,gscheidt@saarbruecken.de,www.grundschule-scheidt.de,6,120,57,-,-,-,,X,,1,Grundschule
1100,101301,öffentlich,66113,Saarbrücken,Im Knappenroth,Ganztagsgrundschule Rastpfuhl,0681-74325,0681-74339,gtgsrastpfuhl@saarbruecken.de,www.gtgs-rastpfuhl.de,8,194,104,-,-,-,X,,,1,Grundschule
1100,101311,öffentlich,66113,Saarbrücken,Ziegelstrasse 35,Grundschule Rodenhof,0681-42394,0681-498776,gsrodenhof@saarbruecken.de,,8,146,67,-,-,-,,,X,1,Grundschule
1100,101331,öffentlich,66121,Saarbrücken,Hellwigstraße 20,Grundschule Saarbrücken-Ost,0681-66497,0681-66497,gsostschule@saarbruecken.de,,13,278,123,-,-,-,,X,,1,Grundschule
1100,201021,öffentlich,66117,Saarbrücken,Dellengartenstraße 2,Grundschule Dellengarten,0681-5849462,0681-5849460,gsdellengarten@saarbruecken.de,,11,206,95,-,-,-,,,X,1,Grundschule
1100,201041,öffentlich,66115,Saarbrücken,Im Füllengarten 89,Grundschule Füllengarten,0681-9767124,0681-9767125,gsfuellengarten@saarbruecken.de,www.grundschule-fuellengarten.de,8,155,59,-,-,-,X,X,,1,Grundschule
1100,201081,öffentlich,66117,Saarbrücken,Am Heidenhübel 1,Grundschule Folsterhöhe,0681-57870,0681-5849412,gsfolsterhoehe@saarbruecken.de,www.gs-folsterhoehe.de,6,98,46,-,-,-,,X,,1,Grundschule
1100,201091,öffentlich,66117,Saarbrücken,Moltkestraße 31,Grundschule Am Ordensgut,0681-581882,0681-581877,gsordensgut@saarbruecken.de,www.grundschule-am-ordensgut.de,8,156,76,-,-,-,,X,,1,Grundschule
1100,201141,öffentlich,66119,Saarbrücken,Arnulfstraße 15,Grundschule St. Arnual,0681-9850184,0681-9850189,gsstarnual@saarbruecken.de,,12,250,108,-,-,-,,X,,1,Grundschule
1100,201161,öffentlich,66115,Saarbrücken,Große Weyersbergstraße 7,Offene Ganztagsgrundschule Weyersberg,0681-79939,0681-76542,schulleitung@grundschule-weyersberg.de,www.grundschule-weyersberg.de,22,467,243,-,-,-,,,X,1,Grundschule
1100,201171,öffentlich,66126,Saarbrücken,Kirchstraße 1-3,Grundschule Altenkessel,06898-984046,06898-984047,gsaltenkessel@saarbruecken.de,,8,156,69,-,-,-,,X,,1,Grundschule
1100,201201,öffentlich,66129,Saarbrücken-Bübingen,Bergstraße 63,Grundschule Bübingen,06805-8416,06805-8407,gsbuebingen-guedingen@saarbruecken.de,,8,177,88,-,-,-,,,X,1,Grundschule
1100,201241,öffentlich,66128,Saarbrücken-Gersweiler,Aschbachstraße 38,Grundschule Gersweiler,0681-9970110,0681-7020492,gsgersweiler@saarbruecken.de,,8,166,100,-,-,-,,X,,1,Grundschule
1100,201271,öffentlich,66132,Saarbrücken-Bischmisheim,Friedrich-Ebert-Straße 23,Grundschule Saarbrücken-Am Geisberg,0681-9893045,0681-9893044,gsamgeisberg@saarbruecken.de,,8,135,66,-,-,-,,X,,1,Grundschule
1100,201281,öffentlich,66131,Saarbrücken-Ensheim,Am Marktweg,Grundschule Ensheim,06893-2536,06893-2548,gswickersberg@saarbruecken.de,,8,171,79,-,-,-,,X,,1,Grundschule
1100,201291,öffentlich,66130,Saarbrücken-Brebach-Fechingen,Peter-und-Paul-Straße 38,Grund- und Ganztagsgrundschule,0681-872121,0681-872181,wiedheckschule@saarbruecken.de,www.wiedheckschule.de,8,193,82,-,-,-,X,,,1,Grundschule
1100,201301,öffentlich,66119,Saarbrücken,Hohe Wacht 25,Grundschule Hohe Wacht,0681-55826,0681-5893786,gshohewacht@saarbruecken.de,,8,191,100,-,-,-,,X,,1,Grundschule
1100,201322,privat,66130,Saarbrücken-Brebach-Fechingen,Schulstraße 30,Private Grundschule Don Bosco,06893/802759,,gs-sankt-arnual@t-online.de,,4,21,7,-,-,-,,X,,1,Grundschule
1100,201351,öffentlich,66127,Saarbrücken-Klarenthal,Hauptstraße 53,Grundschule Klarenthal,06898-32772,06898-32774,gsklarenthal@saarbruecken.de,,8,159,75,-,-,-,,X,,1,Grundschule
1100,301362,privat,66121,Saarbrücken,Halbergstraße 112,Ecole Francaise de Sarrebruck et Dilling,0681 - 62624,0681 - 638000,sekretariat@efsd.de,,12,221,125,-,-,-,,X,,1,Grundschule
1511,101011,öffentlich,66299,Friedrichsthal,Bismarckstraße 4,Grundschule Friedrichsthal,06897-842411,06897-812278,,,8,172,80,-,-,-,,X,,1,Grundschule
1511,101021,öffentlich,66299,Friedrichsthal-Bildstock,Birkenweg 7,Grundschule Bildstock,06897-842533,06897-843687,GSBildstock@t-online.de,,8,149,66,-,-,-,,X,,1,Grundschule
1512,201031,öffentlich,66352,Grossrosseln,Wilhelm-Heinrich-Weg 2,Wilhelm-Heinrich-Grundschule der Gemeinde Grossrosseln,06898-40546,06898-40567,gs.grossrosseln@t-online.de,,8,186,88,-,-,-,,X,,1,Grundschule
1513,301011,öffentlich,66265,Heusweiler,Dilsburger Straße 2,Grundschule Heusweiler,06806-608230,06806-608232,info@grundschule-heusweiler.de,,14,313,150,-,-,-,,,X,1,Grundschule
1513,301061,öffentlich,66265,Heusweiler-Holz,Glück-Auf-Weg,Grundschule Holz - Erich Kästner Schule,06806-8773,06806-989367,info@grundschule-holz.de,www.grundschule-holz.de,8,162,76,-,-,-,,X,,1,Grundschule
1514,201011,öffentlich,66271,Kleinblittersdorf-Auersmacher,Auf dem Bies 23,Grundschule Auersmacher Rilchingen-Hanweiler,06805-8565,06805-912003,gssaarblies@kleinblittersdorf.de,www.rilchingen.de/saar-blies-gs/,8,173,85,-,-,-,,X,,1,Grundschule
1514,201051,öffentlich,66271,Kleinblittersdorf,Wintringer Straße 78,Grundschule Kleinblittersdorf,06805-2008-631,06805-2008638,gsklleinblittersdorf@kleinblittersdorf.de,www.grundschule-kleinblittersdorf.de,8,174,82,-,-,-,,X,,1,Grundschule
1515,301011,öffentlich,66346,Püttlingen,Goethestraße,Grundschule Püttlingen I,06898-61885,06898-689980,info@gs-pater-eberschweiler.de,www.grundschule-pater-eberschweiler.de,7,150,68,-,-,-,,X,,1,Grundschule
1515,301031,öffentlich,66346,Püttlingen,Zur Sporthalle,Grundschule Köllerbach,06806-48791,06806-922869,info@gs-kyllberg.de,www.gs-koellerbach.de,8,172,79,-,-,-,,X,,1,Grundschule
1515,301041,öffentlich,66346,Püttlingen,Theodolinde-Katzenmaier-Straße 5,Grundschule Viktoria Püttlingen-Ritterstraße,06898-67271,06898-689572,a.balzert@gs-viktoria.de,www.grundschule-viktoria.de,8,166,77,-,-,-,,X,,1,Grundschule
1516,301011,öffentlich,66287,Quierschied,Lasbachstraße 21,Grundschule Lasbach,06897-63006,06897-601438,gs-lasbach@tonline.de,,11,227,102,-,-,-,,,X,1,Grundschule
1516,301021,öffentlich,66287,Quierschied-Göttelborn,Hauptstraße 189,Grundschule Fischbach-Göttelborn,06825-5680,06825-8007700,gsgoettelborn@t-online.de,www.gs-fischbach-goettelborn.de,8,133,59,-,-,-,,X,,1,Grundschule
1517,301011,öffentlich,66292,Riegelsberg,Lindenschule,Grundschule Riegelsberg,06806-3683,06806-860682,grundschule_lindenschule@t-online.de,www.lindenschule-riegelsberg.de,6,89,43,-,-,-,,X,,1,Grundschule
1517,301021,öffentlich,66292,Riegelsberg,Ellerstraße 7,Grundschule Hilschbach-Walpershofen,06806-2719,06806-102119,gs-hilschbach-walpershofen@web.de,,8,159,65,-,-,-,,X,,1,Grundschule
1517,301031,öffentlich,66292,Riegelsberg,Wolfskaulstraße 88,Grundschule Pflugscheid,06806-3684,06806-860591,sl.gs.pflugscheid@web.de,www.grundschule-pflugscheid.de,8,139,75,-,-,-,,X,,1,Grundschule
1518,101011,öffentlich,66280,Sulzbach,Mellinweg 13,Grundschule Sulzbach I Mellin Schule,06897-4936,06897-569481,melinschule@sulzbach-saar.de,,14,297,153,-,-,-,,X,,1,Grundschule
1518,101021,öffentlich,66280,Sulzbach-Altenwald,Richard Eberle Str.1,Grundschule II Sulzbach-Altenwald Waldschule,06897-88107,06897-88114,waldschule@sulzbach-saar.de,,8,155,82,-,-,-,,,X,1,Grundschule
1519,301011,öffentlich,66333,Völklingen,Bergstraße 30,Grundschule Bergstrasse/Hermann-Röchling-Höhe,06898-23316,06898-23442,gsberg@voelklingen.de,www.gs-bergstraße-roechlinghoehe.de,14,297,148,-,-,-,,,X,1,Grundschule
1519,301021,öffentlich,66333,Völklingen,Haydnstraße 44,Grundschule Haydnstrasse,06898-23831,06898-294402,grundschule.haydnstrasse@voelklingen.de,,9,172,91,-,-,-,,,X,1,Grundschule
1519,301031,öffentlich,66333,Völklingen-Fürstenhausen,Am Hasseleich 19,Grundschule Fürstenhausen,06898-31320,06898-935366,gs-fuerstenhausen@voelklingen.de,www.gs-fuerstenhausen@voelklingen.de,8,154,76,-,-,-,,X,,1,Grundschule
1519,301071,öffentlich,66333,Völklingen-Ludweiler,Schulstraße 12,Grundschule Ludweiler-Lauterbach,06898-40117,06898-439016,Grundschuleludweiler@voelklingen.de,www.gs-ludweiler-lauterbach.de,13,300,154,-,-,-,,X,,1,Grundschule
1519,301091,öffentlich,66333,Völklingen-Heidstock,Neckarstraße 12,Grundschule Heidstock-Luisenthal,06898-851055,06898-851167,gs.heidstock-luisenthal@voelklingen,,9,189,101,-,-,-,,X,,1,Grundschule
1519,301101,öffentlich,66333,Völklingen- Wehrden,Kleine Bergstraße 3,Grundschule Wehrden/Geislautern - Regenbogenschule,"Wehrden: 06898-26639
Geislautern: 06898-7263",06898-16370,gsgeislautern@voelklingen.de,,14,303,145,-,-,-,,X,,1,Grundschule
2111,201041,öffentlich,66701,Beckingen,Zur Plätsch,Grundschule Reimsbach,06832-801612,06832-446,grundschule.reimsbach@t-online.de,www.grundschule-reimsbach.de,6,109,50,-,-,-,,X,,1,Grundschule
2111,201051,öffentlich,66701,Beckingen,Pfarrer-Gierend-Straße 5,Grundschule Düppenweiler,06832-383,06832-801395,gsdueppenweiler@t-online.de,,7,167,83,-,-,-,,X,,1,Grundschule
2111,201061,öffentlich,66701,Beckingen,Schulstraße 5,Grundschule Beckingen,06835-601789,06835-601790,grundschule-beckingen@t-online.de,www.gs-beckingen.de,8,162,71,-,-,-,,X,,1,Grundschule
2112,201011,öffentlich,66679,Losheim am See,Schulstraße 11,Nicolaus-Voltz-Grundschule-Losheim,06872-2295,06872-8624,GS-Losheim@losheim.de,,11,239,117,-,-,-,,X,,1,Grundschule
2112,201021,öffentlich,66679,Losheim am See-Bachem,Quellenstraße 14,Grundschule Bachem-Britten,06872-2675,06872-887008,GS-Bachem@losheim.de,www.gs-bachem-britten.de,7,128,64,-,-,-,,X,,1,Grundschule
2112,201041,öffentlich,66679,Losheim am See-Wahlen,Am Herrenpfad 4,Grundschule Wahlen,06872-2556,06872-8474,gs-wahlen@losheim.de,www.gswahlen.de,6,107,46,-,-,-,,X,,1,Grundschule
2113,101011,öffentlich,66663,Merzig,Kreuzbergstraße 51,Grundschule Kreuzberg,06861-6684,06861-793601,info@kreuzbergschule.de,www.kreuzbergschule.de,15,341,157,-,-,-,,,X,1,Grundschule
2113,101021,öffentlich,66663,Merzig,Beethovenstrasse 2,Grundschule St. Josef,06861-6378,06861-790654,schulleitung-gs-merzig@web.de,,9,186,89,-,-,-,,,X,1,Grundschule
2113,101051,öffentlich,66663,Merzig-Besseringen,Bezirksstraße 100,Grundschule Besseringen,06861-2944,06861 790682,GS-Besseringen@web.de,,4,92,44,-,-,-,,,X,1,Grundschule
2113,101061,öffentlich,66663,Merzig-Schwemlingen,Zum Schotzberg 3,Grundschule Saargau,06861-3750,06861-2560,gssaargau@yahoo.de,,8,142,70,-,-,-,,X,,1,Grundschule
2113,101071,öffentlich,66663,Merzig,Ringstrasse 1,Grundschule Brotdorf,06861-3789,06861-790151,gs-brotdorf@t-online.de,,6,111,60,-,-,-,,X,,1,Grundschule
2113,101081,öffentlich,66663,Merzig-Hilbringen,Schulstraße 26,Grundschule Hilbringen,06861-3222,06861 79322,gs.hilbringen@gmx.de,www.grundschule-hilbringen.de,8,179,91,-,-,-,,X,,1,Grundschule
2113,101092,privat,66663,Merzig-Bietzen,Martinusstraße,"Private Grundschule ""Forscherschule""",06861-8390578,,Johanna.koelbel@forscherschule.de,www.forscherschule.de,4,28,7,-,-,-,,X,,1,Grundschule
2114,101011,öffentlich,66693,Mettlach,Von-Boch-Liebieg-Straße 34,Grundschule Langwies der Gemeinde Mettlach,06864-1390,06864-1390,gslangwies@mettlach.de,,8,144,77,-,-,-,X,,,1,Grundschule
2114,101021,öffentlich,66693,Mettlach-Orscholz,Saarburger Straße,Grundschule Orscholz,06865-322,06865 180213,gsorscholz@mettlach.de,www.grudnschule-orscholz.de,12,243,137,-,-,-,,X,,1,Grundschule
2115,101011,öffentlich,66706,Perl,Kirschenstraße 6-8,Grundschule Dreiländereck  Schule der Gemeinde Perl,06867-560022,06867-560023,gs-dreilaendereck@gs-perl.de,www.gs-dreilaendereck.de,14,333,160,-,-,-,,X,,1,Grundschule
2116,201031,öffentlich,66687,Wadern-Lockweiler,Michaelstraße 4,Grundschule Lockweiler,06871-2596,06871-922723,gsLockweiler@t-online.de,www.gslockweiler.de,8,158,78,-,-,-,,X,,1,Grundschule
2116,201041,öffentlich,66687,Wadern-Nunkirchen,Saarbruecker Straße 65,Grundschule Nunkirchen,06874-263,06874-182816,info@gsnunkirchen.de,,7,135,57,-,-,-,,,X,1,Grundschule
2116,201051,öffentlich,66687,Wadern-Wadrill,Schlimmfeldstraße 1,Grundschule St. Martin Wadrill-Steinberg,06871-2376,06871-922761,schulleitung@grundschule-st-martin.de,,8,153,69,-,-,-,,X,,1,Grundschule
2117,201011,öffentlich,66709,Weiskirchen,Schulstraße10,Grundschule Weiskirchen,06876-373,06876-791802,gsweiskirchen@web.de ,,9,197,84,-,-,-,,X,,1,Grundschule
3111,201011,öffentlich,66571,Eppelborn,St.Sebastianstraße 1,Grundschule Eppelborn,06881-6642,06881-88693,gs.eppelborn@t-online.de,www.gseppelborn.de,10,226,115,-,-,-,,X,,1,Grundschule
3111,201051,öffentlich,66571,Eppelborn-Wiesbach,Jägerbergstraße 2,Grundschule Wiesbach-Dirmingen,06806-81305,06806-81361,GS-Wiesbach@t-online.de,www.gswiesbachdirmingen.com,10,228,121,-,-,-,,X,,1,Grundschule
3111,201062,privat,66571,Eppelborn-Humes,In der Humes 40,Private Montessori-Grundschule,06881-8994716,06881-8994738,sekretariat@montessori-nordsaar.de,,2,34,17,-,-,-,,X,,1,Grundschule
3112,201031,öffentlich,66557,Illingen,Dr.Maxein-Straße 2,"Grundschule An der Ill, Hüttigweiler",06825-2840,06825-499519,gshuettigweiler@web.de,,10,231,121,-,-,-,,X,,1,Grundschule
3112,201041,öffentlich,66557,Illingen-Uchtelfangen,In der Drischeck,Grundschule Uchtelfangen,06825-3010,06825-499518,GS-Uchtelfangen@illingen.de,,6,105,53,-,-,-,,X,,1,Grundschule
3112,201051,öffentlich,66557,Illingen,Schulstrasse 4,"Grundschule Auf der Lehn, Illingen",06825-47354,06825-47465,auf-der-lehn@grundschule-illingen.de,,7,122,58,-,-,-,,X,,1,Grundschule
3113,201011,öffentlich,66589,Merchweiler,Allenfeldstraße,Grundschule Merchweiler,06825-7780,06825-970210,gsallenfeldschule@web.de,,8,142,60,-,-,-,,X,,1,Grundschule
3113,201021,öffentlich,66589,Merchweiler-Wemmetsweiler,Zum Striedt 59,Grundschule Merchweiler-Wemmetsweiler,06825-2144,06825-499738,schulleitung@gs-wemmetsweiler.de,,8,144,68,-,-,-,,,X,1,Grundschule
3114,101011,öffentlich,66538,Neunkirchen,Kleiststraße 30,Grundschule Bachschule Neunkirchen,06821-23455,06821 9728485,bachschule-neunkirchen@t-online.de,,13,278,129,-,-,-,,,X,1,Grundschule
3114,101051,öffentlich,66539,Neunkirchen-Wellesweiler,Berthold-Günther-Platz 5,Grundschule Wellesweiler,06821-41252,06821-485341,gs-wellesweiler@neunkirchen.de,www.grundschule-wellesweiler.de,8,159,66,-,-,-,,X,,1,Grundschule
3114,101081,öffentlich,66540,Neunkirchen-Wiebelskirchen,Kuchenbergstraße 47,Grundschule Wiebelskirchen,06821-53691,06821-953475,grundschule-wiebelskirchen@web.de,www.grundschule-wiebelskirchen.de,11,228,107,-,-,-,,X,,1,Grundschule
3114,101091,öffentlich,66540,Neunkirchen,Freiherr-von-Stein-Straße 6,Ganztagsgrundschule Am Stadtpark,06821-23429,06821-179228,gs-am-stadtpark-neunkirchen@web.de,www.grundschule-am-stadpark-neunkirchen.de,9,186,97,-,-,-,,,X,1,Grundschule
3114,101101,öffentlich,66539,Neunkirchen-Furpach,Zur Ewigkeit 7,Grundschule Furpach,06821-31821,06821-308883,info@grundschulefurpach.de,,8,185,98,-,-,-,,x,,1,Grundschule
3114,101111,öffentlich,66538,Neunkirchen-Steinwald,Nachtigallenweg 45 a,Grundschule Steinwald,06821-4018744,06821-9046648,info@grundschule-steinwald.de,,12,266,126,-,-,-,,X,,1,Grundschule
3114,102032,privat,66540,Neunkirchen-Wiebelskirchen,Prälat-Schütz-Straße 15,Grundschule (privat),06821-95040,06821-950444,maximilian-kolbe.schule@bistum-trier.de,www.maximilian-kolbe-schule.de,8,192,94,-,-,-,,X,,1,Grundschule
3115,201011,öffentlich,66564,Ottweiler,Freiherr v. Stein-Straße 16,Grundschule Lehbesch,06824-2172,06824-709573,info@grundschule-lehbesch.de,www.grundschule-lehbesch.de,11,217,97,-,-,-,,X,,1,Grundschule
3115,201021,öffentlich,66564,Ottweiler-Neumünster,Betzelbacher Weg 17,Grundschule Neumünster,06824-4310,06824-300904,grundschule-neumuenster@t-online.de,www.grundschule-neumuenster@ottweiler.de,8,167,81,-,-,-,,X,,1,Grundschule
3116,201011,öffentlich,66578,Schiffweiler,Comeniusstraße 9,Grundschule Schiffweiler,06821-6048,06821-634412,grundschule-schiffweiler@t-online.de,www.gs-schiffweiler-stennweiler.de,8,183,94,-,-,-,,X,,1,Grundschule
3116,201031,öffentlich,66578,Schiffweiler-Landsweiler-Reden,Im Wiesengrund,Grundschule Landsweiler-Reden,06821-63174,06821-635523,gs-landsweiler-reden@t-online.de,www.gs-landsweiler-reden.de,5,98,49,-,-,-,,X,,1,Grundschule
3116,201041,öffentlich,66578,Schiffweiler-Heiligenwald,Karlstraße 19,Grundschule Heiligenwald,06821-6017,06821-635516,gshwl@t-online.de,www.gsheiligenwald.jimdo.de,4,93,43,-,-,-,,X,,1,Grundschule
3117,101011,öffentlich,66583,Spiesen-Elversberg (Elversberg),Pestalozzistraße 3,Grundschule Elversberg,06821-78168,06821-742249,gs-elversberg@t-online.de,,9,210,102,-,-,-,,,X,1,Grundschule
3117,101021,öffentlich,66583,Spiesen-Elversberg (Spiesen),Pastor-Kollmann-Straße,Grundschule Spiesen,06821-78163,06821-742228,gs.spiesen@freenet.de,,8,170,83,-,-,-,,,X,1,Grundschule
4111,201011,öffentlich,66763,Dillingen-Pachten,Römerstraße 7,Grundschule Dillingen I -Römerschule-,06831-1 27 28 84,06831-1 27 38 35,gs-roemerschule@t-online.de,,8,152,79,-,-,-,,X,,1,Grundschule
4111,201021,öffentlich,66763,Dillingen,Kerlinger Straße 2,Grundschule Dillingen II - Philipp-Schmitt-Schule,06831/7685670,06831/7682059,philipp-schmitt-schule@t-online.de,,8,140,63,-,-,-,,X,,1,Grundschule
4111,201031,öffentlich,66763,Dillingen,Friedrich-Ebert-Straße 69,Grundschule Dillingen III Odilienschule,06831-7614840,06831-7614842,gs-odilienschule@t-online.de,www.odilienschule.de,11,227,105,-,-,-,,X,,1,Grundschule
4111,201041,öffentlich,66763,Dillingen,Richard-Wagner-Straße 16,Primsschule Grundschule Dillingen IV,06831-79886,06831-769508,Primsschule@t-online.de,,8,149,72,-,-,-,,X,,1,Grundschule
4112,101011,öffentlich,66822,Lebach,Mottener Straße 46,Grundschule Lebach,06881-537015,06881-5390147,gs.sekretatiat@t-online.de,,10,197,100,-,-,-,,,X,1,Grundschule
4112,101061,öffentlich,66822,Lebach-Landsweiler,Im Breitenfeld,Grundschule Landsweiler,06881-2116,06881-537758,gs-barbara-landsweiler@gmx.de,www.gslandsweiler.de,5,103,44,-,-,-,,X,,1,Grundschule
4112,101071,öffentlich,66822,Lebach,Pestalozzistraße 2-3,Grundschule Steinbach,06888-282,06888-901324,gs.pestalozzi@t-online.de,,11,237,109,-,-,-,,,X,1,Grundschule
4112,101092,privat,66822,Lebach,Dillinger Straße 67,Grundschule Lebach (Nikolaus Groß),06881-91323,06881-91324,sekretariat@ngs-lebach.de,www.ngs-lebach.de,8,179,92,-,-,-,,X,,1,Grundschule
4113,101031,öffentlich,66809,Nalbach,Piesbacher Str. 11a,Grundschule Nalbach,06838-981200,06838-9812019,grundschule@nalbach.de,,11,256,129,-,-,-,,X,,1,Grundschule
4114,201031,öffentlich,66780,Rehlingen-Siersburg,Niedaltdorfer Straße 32,Grundschule Hemmersdorf,06833-235,06833-894652,Niedschule@t-online.de,www.niedschule.de,8,147,76,-,-,-,,X,,1,Grundschule
4114,201041,öffentlich,66780,Rehlingen-Siersburg,Zum Horst 12,Grundschule Siersburg,06835-601348,06835-601349,gssiersburg@aol.com,,4,104,55,-,-,-,,X,,1,Grundschule
4114,201051,öffentlich,66780,Rehlingen-Siersburg,Beckinger Straße 25,Grundschule Rehlingen,06835-600130,06835-600132,gs-rehlingen@t-online.de,www.gs-rehlingen.de,9,199,98,-,-,-,,X,,1,Grundschule
4115,101021,öffentlich,66740,Saarlouis,Taubenstraße 1,Grund- und Ganztagsgrundschule,06831-9458940,06831-94589430,gtgsvogelsang@saarlouis.de,www.vogelsang.gsgtssaarlouis.de,12,235,104,-,-,-,X,X,,1,Grundschule
4115,101031,öffentlich,66740,Saarlouis-Beaumarais,Bruchwiesenstraße 2,Grundschule Beaumarais,06831-996992,06831-9969926,bruchwiesenschule@saarlouis.de,,8,182,93,-,-,-,,X,,1,Grundschule
4115,101041,öffentlich,66740,Saarlouis-Fraulautern,Klosterstraße 17,Grundschule Im Alten Kloster,06831-9869870,06831-98698719,kania@saarlouis.de,,8,180,86,-,-,-,,X,,1,Grundschule
4115,101061,öffentlich,66740,Saarlouis-Lisdorf,Prof.-Ecker-Straße 13,Grundschule Lisdorf,06831-9458890,06831-94588920,kleinb@saarlouis.de,,7,111,49,-,-,-,,X,,1,Grundschule
4115,101071,öffentlich,66740,Saarlouis-Roden,Roemerstraße 20,Grundschule Römerberg,06831-9869810,06831-98698117,yvonne.notzon@saarlouis.de,,13,262,126,-,-,-,,,X,1,Grundschule
4115,101081,öffentlich,66740,Saarlouis-Steinrausch,Kurt-Schumacher-Allee 127,Grundschule Steinrausch,06831-9869890,06831-9869893,GSSteinrausch@saarlouis.de,www.gs-steinrausch.de,6,130,66,-,-,-,,X,,1,Grundschule
4116,101011,öffentlich,66793,Saarwellingen,Rodener Straße 11b,Grundschule Gutberg Saarwellingen,06838-983807,06838 983808,info@gs-gutberg.de,,10,234,107,-,-,-,,X,,1,Grundschule
4116,101031,öffentlich,66793,Saarwellingen-Reisbach,Lohwiese 13,Grundschule Reisbach,06838-830846,06838 830847,gsreisbach@googlmail.com,,7,121,59,-,-,-,,X,,1,Grundschule
4117,101011,öffentlich,66839,Schmelz,Saarbrücker Straße 37,Grundschule Schmelz,06887-2502,06887-889611,GrundschuleSchmelz@t-online.de,www.grundschule-schmelz.de,15,330,149,-,-,-,,X,,1,Grundschule
4117,101031,öffentlich,66839,Schmelz-Hüttersdorf,Im Fluerchen 19a,Grundschule Hüttersdorf,06887-2391,06887-300094,info@johannesschule-huettersdorf.eu,www.johannesschule-huettersdorf.eu,6,146,76,-,-,-,,X,,1,Grundschule
4118,201021,öffentlich,66773,Schwalbach,Am Howatt 29,Grundschule Schwalbach Kirchbergschule,06834-52700,06834-401868,kirchbergschule.schwalbach@schwalbach-saar.de,www.kirchbergschule-schwalbach.de,9,203,103,-,-,-,,X,,1,Grundschule
4118,201051,öffentlich,66773,Schwalbach-Elm,Bachtalschule,Grundschule Elm,06834-51180,06834-952791,bachtalschule.elm@schwalbach-saar.de,www.bachtalschule.de,8,162,73,-,-,-,,X,,1,Grundschule
4118,201061,öffentlich,66773,Schwalbach-Hülzweiler,Zur Turnhalle 7,Grundschule Hülzweiler,06831-52237,06831-5010116,laurentiusschule.huelzweiler@schwalbach-saar.de,www.gs-laurentius.de,6,125,64,-,-,-,,X,,1,Grundschule
4119,201011,öffentlich,66802,Überherrn,Waldstraße 15,Grundschule Überherrn,06836-2644,06836-2724,gsue@web.de,www.ueberherrn.de,9,204,110,-,-,-,,X,,1,Grundschule
4119,201041,öffentlich,66802,Überherrn,St. Oranna,Grundschule Berus,06836-2426,06836-684991,sekretariat@grundschule-berus.de,,8,146,69,-,-,-,,X,,1,Grundschule
4120,201011,öffentlich,66787,Wadgassen,Abteistraße 18a,Grundschule Wadgassen,06834-409428,06834-409433,gs-wadgassen@grundschule-wadgassen.de,,7,117,60,-,-,-,X,,,1,Grundschule
4120,201031,öffentlich,66787,Wadgassen,Friedhofstraße 10,Grundschule Differten/Werbeln,06834-61460,06834-697204,gs-differten@grundschule-differten-werbeln.de,,8,148,63,-,-,-,,X,,1,Grundschule
4120,201041,öffentlich,66787,Wadgassen-Hostenbach,Kaiserstraße 17 A,Grundschule Hostenbach-Schaffhausen,06834-490629,06834-49677,gs-hostenbach@grundschule-hostenbach-schaffhausen.de,,11,234,105,-,-,-,,X,,1,Grundschule
4121,201021,öffentlich,66798,Wallerfangen,Adolphshöhe 1,Grundschule Wallerfangen,06831-965199,06831-643422,gs-wallerfangen@gmx.de,www.grundschule-wallerfangen.de,8,143,77,-,-,-,,X,,1,Grundschule
4121,201031,öffentlich,66798,Wallerfangen-Gisingen,Gaustraße 22,Grundschule Wallerfangen-Gisingen,06837-91001,06837-7080051,gsgisingen@t-online.de,www.grundschule-gisingen.de,8,129,65,-,-,-,,X,,1,Grundschule
4122,201031,öffentlich,66359,Bous,Auf der Mühlenscheib,Grundschule Bous,06834-922215,06834-922217,grundschule@gs-bous.de,www.gs-bous.de,9,212,95,-,-,-,,X,,1,Grundschule
4123,201051,öffentlich,66806,Ensdorf,Parkstr.16,Grundschule Ensdorf,06831-506096,06831-507441,grundschule@gemeinde-ensdorf.de,,8,193,84,-,-,-,,X,,1,Grundschule
5111,101011,öffentlich,66450,Bexbach,Schillerstraße 8b,Grundschule Bexbach,06826 5959,06826-189680,grundschule_Bexbach@bexbach.de,,13,284,144,-,-,-,,X,,1,Grundschule
5111,101021,öffentlich,66450,Bexbach-Frankenholz,Pfarrer-Layes-Straße,Schillerschule Grundschule am Höcherberg,06826-800843,06826-800842,Schillerschule-Frankenholz@t-online.de,,5,95,43,-,-,-,,X,,1,Grundschule
5111,101051,öffentlich,66450,Bexbach-Oberbexbach,Am Kälberberg,Grundschule Oberbexbach,06826-6013,06826-800970,grundschule_oberbexbach@bexbach.de,,6,108,53,-,-,-,,X,,1,Grundschule
5112,201021,öffentlich,66440,Blieskastel-Lautzkirchen,Edith-Stein-Straße 4,"Grundschule Blieskastel, Kirchberg-Schlossberg",06842-3566,06842-538812,GS-Lautzkirchen@gmx.de,,8,178,96,-,-,-,,X,,1,Grundschule
5112,201071,öffentlich,66440,Blieskastel-Breitfurt,Griessackerweg 13,Grundschule Breitfurt/Blickweiler,06842-2474,06842-538148,gsbreitfurt@t-online.de,,8,152,72,-,-,-,,,X,1,Grundschule
5112,201081,öffentlich,66440,Bliesk. - Niederwürzbach,Kirkeler Straße 41,Grundschule am Würzbacher Weiher,06842-6183,06842-891750,gsniederwuerzbach@gmail.com,www.schule-am-würzbacher-weiher.de,8,162,79,-,-,-,,X,,1,Grundschule
5113,201021,öffentlich,66453,Gersheim-Medelsheim,Burgstraße 11,Grundschule Medelsheim,06844-324,06844-991273,gs-medelsheim@t-online.de,www.burgschule-medelsheim.de,5,88,32,-,-,-,,X,,1,Grundschule
5113,201031,öffentlich,66453,Gersheim-Reinheim,Grenzlandstraße 3,Grundschule Reinheim,06843-283,06843-902608,GS.Reinheim@t-online.de,www.grundschule-reinheim.de,8,149,77,-,-,-,,X,,1,Grundschule
5114,101021,öffentlich,66424,Homburg,Thomastraße 15,Grundschule Langenäcker,06841-78274,06841-756679,langenaecker@gs-homburg.de,,13,262,122,-,-,-,,X,,1,Grundschule
5114,101041,öffentlich,66424,Homburg-Bruchhof,Rosenstraße 22,Grundschule Bruchhof,06841-3219,06841-120565,bruchhof@gs-homburg.de,www.bruchhof.gs-homburg.de,8,151,72,-,-,-,,,X,1,Grundschule
5114,101051,öffentlich,66424,Homburg,Luitpoldstraße 9,Grundschule Luitpold,06841-78465,06841-757319,luitpold@gs-homburg.de,,13,276,137,-,-,-,,,X,1,Grundschule
5114,101061,öffentlich,66424,Homburg,Akazienweg 3,Grundschule Sonnenfeld,06841-9930070,06841-99300715,sonnenfeld@gs-homburg.de,,16,366,187,-,-,-,,,X,1,Grundschule
5114,101081,öffentlich,66424,Homburg-Einöd,Im Wieschen,Grundschule Einöd,06848-6366,06848-730009,einoed@gs-homburg.de,,9,225,122,-,-,-,,X,,1,Grundschule
5115,101021,öffentlich,66459,Kirkel-Limbach,Talstraße 1-3,Grundschule Limbach,06841-80583,06841-890134,gs-limbach@web.de,,9,198,90,-,-,-,,X,,1,Grundschule
5115,101031,öffentlich,66459,Kirkel-Neuhäusel,Friedhofstraße,Grundschule Kirkel-Neuhäusel,06849-325,06849-774,info@gs-kirkel.de,,7,141,65,-,-,-,,X,,1,Grundschule
5116,201031,öffentlich,66399,Mandelbachtal-Erfweiler-Ehlingen,Schützengasse 6,Arnold-Rütter-Schule der Gemeinde Mandelbachtal,06803-2758,,arnold-ruetter-schule@t-online.de,,8,167,77,-,-,-,,X,,1,Grundschule
5116,201051,öffentlich,66399,Mandelbachtal-Ormesheim,Theo - Carlen - Platz 4,Theo-Carlen-Schule der Gemeinde Mandelbachtal,06893-3881,06893-986104,theo-carlen-schule@web.de,,7,121,55,-,-,-,,X,,1,Grundschule
5117,201011,öffentlich,66386,St.Ingbert,Robert-Koch-Straße 4,Grundschule Albert-Weisgerber,06894-37565,06894-382419,AlbertWeisgerberSchule@st-ingbert.de,www.albert-weisgerber-schule.de,10,226,113,-,-,-,,X,,1,Grundschule
5117,201021,öffentlich,66386,St.Ingbert,Zur Rothell 20,Grundschule Rischbachschule,06894-34567,06894-385989,rischbachschule@st-ingbert.de,www.rischbachschule.de,12,280,155,-,-,-,,X,,1,Grundschule
5117,201071,öffentlich,66386,St.Ingbert-Rohrbach,Hochstraße 47,Grundschule Rohrbach Pestalozzischule,06894-52413,06894-959085,schulleitung@pestalozzischule-rohrbach.de,www.pestalozzischule-rohrbach.de,12,279,118,-,-,-,,,X,1,Grundschule
5117,201101,öffentlich,66386,St.Ingbert,Fidelisstraße,Grundschule Südschule,06894-6913,06894-870214,suedschule-igb@t-online.de,,12,284,144,-,-,-,,,X,1,Grundschule
5117,201112,privat,66386,St. Ingbert-Oberwürzbach,Hasenfelsstraße 12,Montessori Grundschule Am Hasenfels,06894/7710,06894-5823232,nicole-buschmann@gmx.de,www.hasenfelsschule.de,2,42,18,-,-,-,,X,,1,Grundschule
6111,201021,öffentlich,66629,Freisen-Oberkirchen,Rosenstr. 19 a,Grundschule Freisen/ Oberkirchen,06855-344,06855/184656,gs.freisen.oberkirchen@gmail.com,www.grundschule-freisen-oberkirchen.de,11,261,131,-,-,-,,X,,1,Grundschule
6112,101011,öffentlich,66646,Marpingen,Marienstraße 21a,Grundschule Marpingen,06853-9198590,06853-9198598,grundschule@marpingen.de,www.grundschule-marpingen.de,11,262,152,-,-,-,,X,,1,Grundschule
6113,201011,öffentlich,66640,Namborn,Goethestraße 8,"Grundschule Namborn, Marienschule",06854/90 895810,06854/90 895830,marienschule@namborn.de,,8,212,107,-,-,-,,X,,1,Grundschule
6114,201011,öffentlich,66625,Nohfelden-Gonnesweiler,Kirchstraße 6,Grundschule der Gemeinde Nohfelden,06852-802395,06852-802396,grundschule@nohfelden.de,www.grundschule-nohfelden.de,13,277,128,-,-,-,,X,,1,Grundschule
6115,201031,öffentlich,66620,Nonnweiler,Auf der Geig 12,Grundschule Nonnweiler,06873-7131,06873-992054,info@grundschule-nonnweiler.de,,12,247,130,-,-,-,,X,,1,Grundschule
6116,201021,öffentlich,66649,Oberthal,Schwimmbadstraße 35,Grundschule Oberthal,06854-802756,06854-802757,gsoberthal@schulnetz-saar.de,,9,179,100,-,-,-,,X,,1,Grundschule
6117,101021,öffentlich,66606,St.Wendel-Oberlinxweiler,Am Flur 12,Grundschule Oberlinxweiler,06851-2942,06851-840306,gs.olw@sankt-wendel.de,,7,121,61,-,-,-,,X,,1,Grundschule
6117,101051,öffentlich,66606,St.Wendel-Bliesen,Webergasse,Grundschule Bliesen,06854-8557,06854-803726,gs.bliesen@sankt-wendel.de,,8,143,74,-,-,-,,,X,1,Grundschule
6117,101061,öffentlich,66606,St. Wendel-Niederkirchen,Ebereschenstraße 18,Grundschule Niederkirchen,06856-404,06856-892140,gs.ndk@sankt-wendel.de,,5,112,50,-,-,-,,X,,1,Grundschule
6117,101071,öffentlich,66606,St. Wendel,Nikolaus-Obertreis-Straße,Grundschule Nikolaus-Obertreis,06851-3221,06851-839371,nos@sankt-wendel.de,,16,334,170,-,-,-,,X,,1,Grundschule
6118,101031,öffentlich,66636,Tholey-Hasborn-Dautweiler,Parkstraße 7-9,Grundschule Hasborn-Dautweiler,06853-6440,06853-892367,gs-hasborn@tholey.de,,8,204,108,-,-,-,,X,,1,Grundschule
6118,101051,öffentlich,66636,Tholey-Theley,Selbacher Straße 4,Grundschule Theley,06853-5020561,06853-5020562,gs-theley@tholey.de,,8,181,94,-,-,-,,X,,1,Grundschule
1100,118011,öffentlich,66115,Saarbrücken-Von der Heydt,Von der Heydt 9a,Förderschule soziale Entwicklung,0681-7535950,0681-75359520,sfevonderheydt@web.de,,13,148,15,-,-,-,,,X,2,Förderschule
1100,317011,öffentlich,66113,Saarbrücken,Ziegelstrasse,Förderschule Lernen,0681-47741,0681-498693,m.meyer@schuleamludwigsberg.de,,12,151,61,-,-,-,,,X,2,Förderschule
1100,317021,öffentlich,66126,Saarbrücken-Altenkessel,In den Grasgärten,Förderschule Lernen,06898-81826,06898-81821,schulleitung@schule-in-den-grasgaerten.de,,10,139,68,-,-,-,,,X,2,Förderschule
1100,317031,öffentlich,66125,Saarbrücken-Dudweiler,Schulstraße 93,Förderschule Lernen Dudweiler,0681-36155,0681-31230,mozartschule@web.de,,5,57,25,-,-,-,,,X,2,Förderschule
1100,420021,öffentlich,66125,Saarbrücken-Dudweiler,Winterbachsroth 9,Förderschule geistige Entwicklung,06897-952090,06897-9520905,Schule-Winterbachsroth@t-online.de,,10,73,32,-,-,-,,,X,2,Förderschule
1511,217011,öffentlich,66299,Friedrichsthal-Bildstock,Hofstraße 5a,Förderschule Lernen -Hofschule-,06897-88223,06897-88271,Hofschule@web.de,,8,91,36,-,-,-,,,X,2,Förderschule
1513,420011,öffentlich,66265,Heusweiler,Goethestraße 8,Förderschule geistige Entwicklung Heusweiler,06806 9949930,06806 9949939,sgmosel@t-online.de,,19,119,51,-,-,-,,,X,2,Förderschule
1515,121011,öffentlich,66346,Püttlingen,Köllertalstrasse 145,Förderschule körperliche und motorische Entwicklung,06806-46630,06806-46649,verwaltung@k-schule-puettlingen.de,,14,147,47,-,-,-,,,X,2,Förderschule
1518,227011,öffentlich,66280,Sulzbach-Neuweiler,Brennender-Berg-Str.,Förderschule Sprache Weierwiesschule,06897-3512,06897-567113,foerderschule-sprache@t-online.de,,24,248,62,-,-,-,,,X,2,Förderschule
1519,117011,öffentlich,66333,Völklingen-Geislautern,Friedhofstraße 9,Förderschule Lernen,06898-78235,06898-78286,sflvoelklingen@gmx.de,www.als-voelklingen.de,8,96,48,-,-,-,,,X,2,Förderschule
2112,217011,öffentlich,66679,Losheim am See/Niederlosheim,Im Schneppenbruch 14,"Förderschule Lernen, Schule Am Kappwald",06872-2992,06872-887596,schule-am-kappwald@web.de,,4,50,22,-,-,-,,,X,2,Förderschule
2113,117011,öffentlich,66663,Merzig-Brotdorf,Ringstrasse 3,Förderschule Lernen -Schule Auf der Wild-,06861-78461,06861-780907,schuleaufderwild@gmx.de,,8,110,42,-,-,-,,,X,2,Förderschule
2113,120011,öffentlich,66663,Merzig-Merchingen,Zum Broch 3,Förderschule geistige Entwicklung,06861-2668,06861-792656,schulezumbroch@t-online.de,www.schule-zum-broch.de,8,55,25,-,-,-,,,X,2,Förderschule
2116,217011,öffentlich,66687,Wadern-Noswendel,Am Wergkäulchen 22,Förderschule Lernen -Noswendel-,06871-2588,06871-921640,s-schule.noswendel@t-online.de,,5,52,13,-,-,-,,,X,2,Förderschule
3111,220012,privat,66571,Eppelborn-Dirmingen,Am Rotenberg 3,Private Förderschule geistige Entwicklung Rothenbergschule,06827-415,06827-3552,info@rothenbergschule.de,www.rothenbergschule.de,10,59,23,1,8,1,,,X,2,Förderschule
3112,217011,öffentlich,66557,Illingen-Uchtelfangen,Am Markt,Förderschule Lernen,06825-3344,06825-406433,kerpenschule@t-online.de,,7,78,35,-,-,-,,,X,2,Förderschule
3114,117011,öffentlich,66538,Neunkirchen,Jägermeisterpfad,Förderschule Lernen,06821-2906 0,06821-290640,schulleitung@schule-am-ziehwald.de,,6,63,22,-,-,-,,,X,2,Förderschule
3114,118012,privat,66538,Neunkirchen,Hardenbergstraße 2,Private Förderschule soziale Entwicklung,06821-860247,06821-860244,pallotti-schule@t-online.de,,17,128,15,-,-,-,,,X,2,Förderschule
3114,120011,öffentlich,66538,Neunkirchen,Jägermeisterpfad,Förderschule geistige Entwicklung,06821-29050,06821-290543,Biedersbergschule-nk@t-online.de,www.biedersbergschule.de,6,38,12,-,-,-,,,X,2,Förderschule
3115,220012,privat,66564,Ottweiler-Mainzweiler,Am Buehl 8,Private Förderschule geistige Entwicklung,06824-91107,06824-91109,info@ericcarle-schule.de,www.ericcarle-schule.de,8,62,31,2,14,9,,,X,2,Förderschule
4111,220012,privat,66763,Dillingen,Luisenstraße 4,Schule am Ökosee AWO Förderschule geistige Entwicklung,06831/767171,06831-767177,info@sfg-dillingen.de,de-de.facebook.com/schuleamoekosee.awo,8,42,15,-,-,-,,,X,2,Förderschule
4112,217011,öffentlich,66822,Lebach,An der Ziegelhütte 1,Förderschule Lernen,06881-3209,06881-53060,Sfl.Lebach@nett-mail.de,,6,69,35,-,-,-,,,X,2,Förderschule
4112,223011,öffentlich,66822,Lebach,Dillinger Straße 69,Förderschule für Gehörlose und Schwerhörige,06881-928311,06881-928309,sekretariat@hoerbehindertenschule-lebach.de,,14,98,43,-,-,-,,,X,2,Förderschule
4112,226011,öffentlich,66822,Lebach,Dillinger Straße 69,Förderschule für Blinde und Sehbehinderte,06881-928321,06881-928400,schulleitung@blindenschule-lebach.de,www.blindenschule-lebach.de,13,76,34,1,8,3,,,X,2,Förderschule
4115,117011,öffentlich,66740,Saarlouis,Zeughausstraße 32,Förderschule Lernen,06831-3843,06831-460035,sekretariat@afs-sls.de,,13,166,51,-,-,-,,,X,2,Förderschule
4115,118011,öffentlich,66740,Saarlouis,Adolf-Hetzler-Straße 3,Förderschule soziale Entwicklung,06831-61277,06831-964794,jhw-saarlouis@gmx.de,www.jhw-saarlouis.de,9,91,10,-,-,-,,,X,2,Förderschule
4116,120011,öffentlich,66793,Saarwellingen,Bahnhofstraße 269,Förderschule geistige Entwicklung,06838-983900,06838 983901,waldschule-saarwellingen@t-online.de,www.waldschule-saarwellingen.de,12,98,42,-,-,-,,,X,2,Förderschule
4118,117011,öffentlich,66773,Schwalbach,Alleestraße 20,Anne-Frank-Schule Saarlouis Dependance Schwalbach,06834-953900,06834-953901,schulleitung@sae-schwalbach.de,,4,43,21,-,-,-,,,X,2,Förderschule
5112,217011,öffentlich,66440,Blieskastel,Am Schloss 10 - 10a,Förderschule Lernen - Franz-Carl-Schule,06842-924328,06842-924317,fcs-blk@t-online.de,www.franz-carl-schule.de,4,41,14,-,-,-,,,X,2,Förderschule
5113,220012,privat,66453,Gersheim-Walsheim,Oben am Dorf 60,Anna Betzner Schule  Förderschule G in freier Trägerschaft,06843/809-0,06843-809-39,i.fuchs@haussonne.de,www.haussonne.de,7,35,12,-,-,-,,,X,2,Förderschule
5114,000001,öffentlich,66424,Homburg,Warburgring 80,Der Landesbeauftragte für den Krankenhaus- und Hausunterricht,06841-170092,06841-170096,UfKl-homburg@t-online.de,www.krankenhaus-und-Hausunterricht.de,13,261,101,1,1,0,,,X,2,Förderschule
5114,117011,öffentlich,66424,Homburg,Spandauer Straße,Förderschule Lernen,06841-972940,06841/9729430,siebenpfeifferschule@web.de,,7,79,26,-,-,-,,,X,2,Förderschule
5114,120011,öffentlich,66424,Homburg,Spandauer Straße,Förderschule geistige Entwicklung,06841-972940,,oberlinschule@web.de,,5,30,11,-,-,-,,,X,2,Förderschule
5114,121011,öffentlich,66424,Homburg,Universitätskliniken 84,Förderschule körperliche und motorische Entwicklung,06841-1627400,06841-1627514,schuleamwebersberg@uniklinikum-saarland.de,,15,135,52,-,-,-,,,X,2,Förderschule
5117,217011,öffentlich,66386,St. Ingbert,Zur Schnapphahner Dell 1,Förderschule Lernen,06894-9989920,06894-9989925,friedrich-helmut.singer@saarpfalz-kreis.de,,4,42,13,-,-,-,,,X,2,Förderschule
6113,220011,öffentlich,66640,Namborn-Baltersweiler,Am Hirtenbrunnen 7,Förderschule geistige Entwicklung,06851-3160,06851/839896,aenne-meier-schule@t-online.de,,8,48,20,-,-,-,,,X,2,Förderschule
6116,217011,öffentlich,66649,Oberthal,Schwimmbadstraße 39,Förderschule Lernen,06854-7314,06854-7230,schulleitungschroeder@sfz-lk-wnd.de,,9,101,37,-,-,-,,,X,2,Förderschule
6117,119011,öffentlich,66606,St. Wendel,Pestalozzistraße 7,Förderschule soziale Entwicklung - Wingert-Schule,06851-6870,06851-806370,Wingertschule@gmx.de,,11,79,11,-,-,-,,,X,2,Förderschule
1100,307042,privat,66121,Saarbrücken,Sachsenweg 3,Willi-Graf-Realschule,0681-6683512,0681-6683530,Willi-Graf-RS@t-online.de,,18,492,274,,,,,,X,3,Realschule
3114,108012,privat,66540,Neunkirchen-Wiebelskirchen,Prälat-Schütz-Straße 15,Maximilian-Kolbe-Schule,06821-95040,06821-950444,Maximilian-Kolbe.Schule@Bistum-Trier.de,www.maximilian-kolbe-schule.de,17,381,195,,,,,X,,3,Realschule
5117,207022,privat,66386,St. Ingbert,Auf der Meß 16,Albertus-Magnus-Realschule (privat),06894-2242,06894-3287,info@amr-igb.de,www.amr-igb.de,21,519,318,,,,,X,,3,Realschule
1100,350011,öffentlich,66121,Saarbrücken,Sachsenweg 8,Erweiterte Realschule Bruchwiese,0681/635032,0681-61598,PGoetten@ers-bruchwiese.de,www.ers-bruchwiese.de,5,112,55,,,,,,X,9,erweiterte Realschule
1100,350041,öffentlich,66127,Saarbrücken,Hauptstraße 53,Erweiterte Realschule Klarenthal,06898/37558,06898-935899,schulleitung@ers-klarenthal.de,,7,162,82,,,,,X,,9,erweiterte Realschule
1100,450021,öffentlich,66130,Saarbrücken,Saargemünder Straße 157,Erweiterte Realschule Güdingen,0681/8739715,0681-8739990,gems-guedingen@t-online.de,,5,115,48,,,,,X,,9,erweiterte Realschule
1100,450052,privat,66130,Saarbrücken-Fechingen,Schulstraße 30,Private Erweiterte Realschule des Don-Bosco-Schulvereins,0693 802759,06893 8010127,sekretariat@ers-herz-jesu.de,www.ers-herz-jesu.de,9,47,0,,,,,X,,9,erweiterte Realschule
1513,250011,öffentlich,66265,Heusweiler,Schillerstraße 65,Erweiterte Realschule Heusweiler,06806/6308,06806/6634,schulleitung@schiller-schule-heusweiler.de,www.schiller-schule-heusweiler.de,5,97,50,,,,,X,,9,erweiterte Realschule
1514,450011,öffentlich,66271,Kleinblittersdorf,Wintringer Straße 78,Erweiterte Realschule Kleinblittersdorf,06805/1445,06805-8427,sekretariat@ers-kleinblittersdorf.com,,5,102,55,,,,,X,,9,erweiterte Realschule
1515,150011,öffentlich,66346,Püttlingen,Pickardstraße 33,Erweiterte Realschule Püttlingen,06898/64421,06898-64431,pws@sanet.de,www.ers-puettlingen.de,6,140,66,,,,,,X,9,erweiterte Realschule
1516,250011,öffentlich,66287,Quierschied,Schulzentrum Taubenfeld,Erweiterte Realschule Quierschied,06897/62212,06897/63478,realquier@web.de,www.ersquierschied.de,6,112,49,,,,,X,,9,erweiterte Realschule
1518,250011,öffentlich,66280,Sulzbach,Parkstraße 10,Erweiterte Realschule Am Vopeliuspark Sulzbach,06897/952095-0,06897/952095-29,Roswitha.Bachinger@gbs-schulen.de,www.gems-vopeliuspark.de,6,113,47,,,,,X,,9,erweiterte Realschule
1519,150011,öffentlich,66333,Völklingen,Heinestraße 70,Erweiterte Realschule Am Sonnenhügel,06898 9149730,06898/296911,schulleitung@ers-sonnenhuegel.de,www.gemeinschaftsschule-voelklingen.de,8,195,84,,,,,X,,9,erweiterte Realschule
1519,150021,öffentlich,66333,Völklingen,Heinestraße 70,Hermann-Neuberger-Schule Erweiterte Realschule Völklingen,06898 9149730,06898/296911,schulleitung@hns-vk.de,www.hermann-neuberger-schule.de,3,76,34,,,,X,,,9,erweiterte Realschule
2111,250011,öffentlich,66701,Beckingen,Hindenburgstraße 19,Friedrich-Bernhard-Karcher-Schule Beckingen -Erweiterte Realschule-,06835/608190,06835/608199,info@fbks-beckingen.de,www.fbks-beckingen.de,6,101,50,,,,,X,,9,erweiterte Realschule
2113,150011,öffentlich,66663,Merzig,Von-Boch-Straße 75,Erweiterte Realschule Merzig,06861/770770,06861/7707729,ers-merzig@t-online.de,www.ers-merzig.de,7,165,82,,,,,X,,9,erweiterte Realschule
2116,250011,öffentlich,66687,Wadern,Gartenfeldstraße 23,Graf Anton Schule Wadern -Erweiterte Realschule-,06871/923020,06871-9230230,gaswadern@t-online.de,www.erswadern.de,7,158,73,,,,,X,,9,erweiterte Realschule
2117,250011,öffentlich,66709,Weiskirchen,Am Marktplatz 1,Eichenlaubschule Weiskirchen -Erweiterte Realschule-,06876/345,06876-7540,office@eichenlaubschule.de,www.eichenlaubschule.de,6,137,59,,,,,X,,9,erweiterte Realschule
3111,250011,öffentlich,66571,Eppelborn,Hellbergstraße 21,Erweiterte Realschule Eppelborn,06881/962127,06881-962129,ers.eppelborn@web.de,,7,129,55,,,,,,X,9,erweiterte Realschule
3112,250011,öffentlich,66557,Illingen,Schwarzer Weg 2,Erweiterte Realschule Illingen,06825/94200,06825-942011,,,7,153,75,,,,,,X,9,erweiterte Realschule
3113,250011,öffentlich,66589,Merchweiler,Bildstockstr. 127,Erweiterte Realschule Merchweiler - Max von der Grün Schule,06825/42261,06825-42262,sekretariat@gems-merchweiler.de,,5,99,48,,,,,x,,9,erweiterte Realschule
3114,150011,öffentlich,66538,Neunkirchen,Lutherstraße 2,Erweiterte Realschule Neunkirchen Stadtmitte und Wiebelskirchen,06821-999710,06821-9997130,stadtmitte@ers-neunkirchen.de,www.ers-neunkirchen.de,4,92,44,,,,,X,,9,erweiterte Realschule
3114,150021,öffentlich,66539,Neunkirchen,Pestalozzistraße,Erweiterte Realschule Neunkirchen -Wellesweiler,06821/94090,06821/940940,info@alex-deutsch-schule.de,www.alex-deutsch-schule.de,5,90,32,,,,,X,,9,erweiterte Realschule
3115,250011,öffentlich,66564,Ottweiler,Seminarstraße 56,Erweiterte Realschule Ottweiler,06824/5320,06824-4361,ahs-otw@web.de,www.anton-hansen-schule.de,5,86,49,,,,,X,,9,erweiterte Realschule
3117,150011,öffentlich,66583,Spiesen-Elversberg,Am Ring 39 a,Erweiterte Realschule Spiesen-Elversberg,06821/97000,06821/970013,v.burkhard@gems-spiesen-elversberg.de,www.gems-spiesen-elversberg.de,4,76,43,,,,,,X,9,erweiterte Realschule
4111,250011,öffentlich,66763,Dillingen,Industriestraße 29,Schule am Römerkastell Dillingen - Erweiterte Realschule,06831/9869600,06831-9869601,sekretariat@sar-dillingen.de,www.sar-dillingen.de,6,123,68,,,,,X,,9,erweiterte Realschule
4112,250011,öffentlich,66822,Lebach,Mottener Straße 52,Theeltalschule -Erweiterte Realschule- Lebach,06881/3065,06881/3025,ers.lebach@gmx.de,,3,67,33,,,,,,X,9,erweiterte Realschule
4112,250012,privat,66822,Lebach,Dillinger Straße 67,Nikolaus-Gross-Schule (Erweiterte Realschule),06881-91323,06881-91324,sekretariat@ngs-lebach.de,www.ngs-lebach.de,13,283,149,,,,,X,,9,erweiterte Realschule
4113,250011,öffentlich,66809,Nalbach,Josefstraße 11,Erweiterte Realschule,06838-983706,06838-983708,ERS-Nalbach@t-online.de,www.schule-am-litermont.de,6,110,48,,,,,,X,9,erweiterte Realschule
4114,350011,öffentlich,66780,Rehlingen-Siersburg,Beckinger Straße 38,Erweiterte Realschule Rehlingen-Siersburg,06835/92240,06835 922414,info@ers-rehlingen-siersburg.de,,5,96,55,,,,,X,,9,erweiterte Realschule
4115,150011,öffentlich,66740,Saarlouis,St. Nazairer Allee 6,Erweiterte Realschule I,06831/41878,06831-41898,schulleitung.sls1@gmail.com,www.ers1sls.de,3,62,37,,,,,X,,9,erweiterte Realschule
4115,150021,öffentlich,66740,Saarlouis,Kreuzbergstraße 87,Erweiterte Realschule II,06831-80056,06831-80057,sekretariat@mlksls.de,www.mlksls.de,5,118,52,,,,,,X,9,erweiterte Realschule
4116,150011,öffentlich,66793,Saarwellingen,An der Waldwies 2-4,Erweiterte Realschule Saarwellingen,06838/90060,06838-900620,braun@schule-an-der-waldwies.de,www.gems-ers-saarwellingen.de,5,85,42,,,,,X,,9,erweiterte Realschule
4117,250011,öffentlich,66839,Schmelz,Wilhelm-Busch-Straße 11,Erweiterte Realschule Schmelz,06887/2570,06887-887126,schulleitung@gems-schmelz.de,,6,110,65,,,,,X,,9,erweiterte Realschule
4118,150011,öffentlich,66773,Schwalbach,Weiherstraße 24a,Erweiterte Realschule Schwalbach,06834/953953,06834-953954,jgs@jgs-schwalbach.de,www.jgs-schwalbach.de,8,169,92,,,,,X,,9,erweiterte Realschule
4119,350011,öffentlich,66802,Überherrn,Comeniusstraße 22,Erweiterte Realschule Überherrn,06836/2531,06836-2031,erw.realschule.ueberherrn@t-online.de,www.erweiterte-Realschule-ueberherrn.de,6,138,64,,,,,,X,9,erweiterte Realschule
4121,350011,öffentlich,66798,Wallerfangen,Bungertstraße 30,Erweiterte Realschule Wallerfangen,06831/964585,06831-964594,schulleitung@schule-am-limberg.de,www.schule-am-limberg.de,5,103,59,,,,,X,,9,erweiterte Realschule
5112,250011,öffentlich,66440,Blieskastel,Schulzentrum,Erweiterte Realschule Blieskastel,06842/923760,06842/923766,gss-blieskastel@t-online.de,http://www.gss-blieskastel.de,6,131,53,,,,,X,,9,erweiterte Realschule
5114,150011,öffentlich,66424,Homburg,Virchowstraße 7,Erweiterte Realschule Homburg I,06841/92330,06841-923326,schulleiter.ers1-hom@saarpfalz-kreis.de,,5,112,64,,,,,,X,9,erweiterte Realschule
5114,150021,öffentlich,66424,Homburg,Cranachstraße 7,Erweiterte Realschule Homburg II,06841/972930,06841/9729321,bernd.jaehn@neue-sandrennbahn.de,,4,94,47,,,,,X,,9,erweiterte Realschule
5115,150011,öffentlich,66459,Kirkel-Limbach,Hauptstraße 75,Erweiterte Realschule Kirkel-Limbach,06841-980040,06841-980429,sekretariat.ers-lim@saarpfalz-kreis.de,www.erskirkel.de,4,88,52,,,,,X,,9,erweiterte Realschule
5116,250011,öffentlich,66399,Mandelbachtal,Vichter Straße 1,Erweiterte Realschule Mandelbachtal,06803/39000,06803/390020,christina.linz@saarpfalz-kreis.de,,3,58,22,,,,,X,,9,erweiterte Realschule
5117,250011,öffentlich,66386,St. Ingbert,Im Schmelzerwald 66,Erweiterte Realschule I St. Ingbert,06894/96090,06894-960918,Schmelzerwaldschule@web.de,,4,73,36,,,,,,X,9,erweiterte Realschule
5117,250021,öffentlich,66386,St. Ingbert,Sportplatzstraße 3,Erweiterte Realschule II St. Ingbert,06894/9989820,06894/9989829,info@gems-rohrbach.de,www.gems-rohrbach.de,6,142,52,,,,,,X,9,erweiterte Realschule
6111,250011,öffentlich,66629,Freisen,Schulstraße 43,Erweiterte Realschule Freisen,06855/7992,06855/996902,ers.freisen@t-online.de,www.gems-feisen.de,10,226,110,,,,,,X,9,erweiterte Realschule
6117,150011,öffentlich,66606,St. Wendel,Willi-Graf-Straße 3,Erweiterte Realschule St. Wendel,06851/93190,06851/931933,info@ers-sanktwendel.de,www.ers-sanktwendel.de,5,120,61,,,,X,,,9,erweiterte Realschule
6118,150011,öffentlich,66636,Tholey-Theley,Toni Lermen Straße  2,Erweiterte Realschule Tholey,06853/9128-0,06853/912850,ERS.Theley@t-online.de,www.ers-theley.de,8,183,87,,,,,,X,9,erweiterte Realschule
1100,010011,öffentlich,66117,Saarbrücken,Stengelstraße 31,Ludwigsgymnasium,0681-926050,0681-92605-28,sekretariat@ludwigsgymnasium.com,http://www.ludwigsgymnasium.com,21,867,520,,,,,X,,4,Gymnasium
1100,011011,öffentlich,66123,Saarbrücken,Neugrabenweg 66-90,Gymnasium Am Rotenbühl,0681-936980,0681-9369840,info@rotenbuehlgym.de,,25,969,488,,,,,,X,4,Gymnasium
1100,011021,öffentlich,66121,Saarbrücken,Halbergstraße 112,Deutsch-Französisches Gymnasium,0681-99681-0,0681-99681-40,information@dfg-lfa.org,www.dfg-lfa.org,29,1096,569,,,,,X,,4,Gymnasium
1100,011042,privat,66121,Saarbrücken,Sachsenweg 3,Willi-Graf-Gymnasium (privat),0681-66835-11,0681-66835-30,WGG.SB@t-online.de,,14,634,366,,,,,X,,4,Gymnasium
1100,012011,öffentlich,66119,Saarbrücken,Spichererbergstraße 15,Gymnasium Am Schloss,0681-581884,0681-52084,gymnasium-am-schloss@web.de,www.gymnasium-am-schloss.de,15,544,249,,,,,X,,4,Gymnasium
1100,012032,privat,66117,Saarbrücken,Hohenzollernstraße 59 A,Marienschule,0681-51367,0681-57033,ms@marienschule-sb.de,www.marienschule-sb.de,20,759,424,,,,,X,,4,Gymnasium
1100,013011,öffentlich,66111,Saarbrücken,Landwehrplatz 3,Otto Hahn Gymnasium,0681-37981-0,0681/37981-11, verwaltung-staab@ohg-sb.de,www.ohg-sb.de,17,631,232,,,,,X,,4,Gymnasium
1100,030011,öffentlich,66113,Saarbrücken,Rheinstraße 95,Wirtschaftswissenschaftliches Gymnasium,0681-751610,0681-754826,kontakt@wwgsk.de,www.wwgsk.de,5,396,230,,,,,,X,4,Gymnasium
1518,012011,öffentlich,66280,Sulzbach,Quierschieder Weg,Theodor-Heuss-Gymnasium Sulzbach,06897-90810,06897-908128,thg-sulzbach@gmx.de,www.thg-sulzbach.de,14,496,247,,,,,,X,4,Gymnasium
1519,011011,öffentlich,66333,Völklingen,Lortzingstraße 2,Marie-Luise-Kaschnitz-Gymnasium,06898-50280,06898-502831,g.fischer@mlk-vk.de,www.mlk-vk.de,16,614,408,,,,,X,,4,Gymnasium
1519,011021,öffentlich,66333,Völklingen,Hohenzollernstraße 28,Albert-Einstein-Gymnasium,06898-91300,06898-16594,eg.vk@web.de,www.einstein-gymnasium-vk.de,16,566,238,,,,,X,,4,Gymnasium
1519,011031,öffentlich,66333,Völklingen,Am Warndtgymnasium 1,Warndt-Gymnasium,06898-972990,06898-7015,warndtgymnasium@t-online.de,www.warndtgymnasium.de,17,632,339,,,,,X,,4,Gymnasium
2113,011011,öffentlich,66663,Merzig,Goethestraße 16 A,Peter-Wust-Gymnasium,06861-939920,06861-9399220,andreas.brust@pwg.merzig.de,www.pwg-merzig.de,24,928,489,,,,,X,,4,Gymnasium
2113,011021,öffentlich,66663,Merzig,Waldstraße 48,Gymnasium Am Stefansberg,06861-939680,06861-9396829,GaS-Merzig@t-online.de,,24,987,532,,,,,X,,4,Gymnasium
2116,011011,öffentlich,66687,Wadern,Am Kaisergarten 1,Hochwaldgymnasium,06871-90260,06871-902699,holzer@hwg-wadern.de,hwg@hwg-wadern.de,22,837,437,,,,X,X,,4,Gymnasium
3112,012011,öffentlich,66557,Illingen,Schwarzer Weg,Illtal-Gymnasium,06825-93080,06825-930820,schulleitung@illtal-gymnasium.de,www.illtal-gymnasium.de,20,766,409,,,,,X,,4,Gymnasium
3114,012011,öffentlich,66538,Neunkirchen,Am Mädchenrealgymnasium,Gymnasium Am Steinwald,06821-90980,06821-909833,info@gymnasium-am-steinwald.de,www.gymnasium-am-steinwald.de,16,600,334,,,,,X,,4,Gymnasium
3114,012021,öffentlich,66538,Neunkirchen/Saar,Alb. Schweitzer-Straße 23,Gymnasium Am Krebsberg,06821-98150,06821/981535,SL-gak@t-online.de,www.gak-nk.de,19,816,389,,,,,X,,4,Gymnasium
3115,012011,öffentlich,66564,Ottweiler,Seminarstraße 43,Gymnasium,06824-930830,06824-930833,info@gymnasium-ottweiler.de,www.gymnasium-ottweiler.de,12,468,234,,,,,X,,4,Gymnasium
4111,012011,öffentlich,66763,Dillingen,Karcherstraße 2,Albert-Schweitzer-Gymnasium,06831-976547,06831-976089,schulleitung@asg-dillingen,www.asg-dillingen.de,23,862,420,,,,,X,,4,Gymnasium
4111,032011,öffentlich,66763,Dillingen,Wallerfangerstraße 25,Technisch-wissenschaftliches Gymnasium,06831-769830,06831-7698322,info@twg-dillingen.de,www.twg-dillingen.de,5,366,186,,,,,,X,4,Gymnasium
4112,011011,öffentlich,66822,Lebach,Straße der weißen Rose,Geschwister-Scholl-Gymnasium,06881-53033,06881-53035,sekretariat@gsg-lebach.de,,23,847,482,,,,,X,,4,Gymnasium
4112,013011,öffentlich,66822,Lebach,Dillinger Straße 67,Johannes-Kepler-Gymnasium,06881-53051,06881-537030,info@jkg-lebach.de,www.jkg-lebach.de,19,763,332,,,,,,X,4,Gymnasium
4115,010011,öffentlich,66740,Saarlouis,Holtzendorfferstraße 1,Gymnasium Am Stadtgarten,06831-42985,06831-121412,sgs@sgs-saar.de,,22,876,519,,,,,X,,4,Gymnasium
4115,011011,öffentlich,66740,Saarlouis,Praelat-Subtil Ring 2,Robert-Schuman-Gymnasium,06831-2262,06831-121001,Verwaltung@rsg-saarlouis.de,,22,782,532,,,,,X,,4,Gymnasium
4115,013011,öffentlich,66740,Saarlouis,Pavillonstraße 24,Max-Planck-Gymnasium,06831-94590,06831-945930,Schulleitung@mpg-saarlouis.de,www.mpg-saarlouis.de,27,1139,404,,,,,X,,4,Gymnasium
5112,011011,öffentlich,66440,Blieskastel,Schlossbergstraße 42,Von der Leyen-Gymnasium,06842-92320,06842-923232,schulleitung@vdleyen.de,www.vdleyen.de,15,593,289,,,,,X,,4,Gymnasium
5114,010012,privat,66424,Homburg,Kardinal Wendel Straße12,Gymnasium Johanneum (privat),06841-934770,06841-61523,gymnasium@johanneum-homburg.de,,21,802,428,,,,,X,,4,Gymnasium
5114,011011,öffentlich,66424,Homburg,Hiltebrandtstr. 1,Mannlich-Gymnasium,06841-9348360,06841/9348372,sekretariat.mannlich-gym-hom@saarpfalzkreis.de,www.mannlich-gymnasium.de,20,734,402,,,,,,X,4,Gymnasium
5114,012021,öffentlich,66424,Homburg,Untere Allee 75,Saarpfalz-Gymnasium,06841-92310,06841-923122,spg@spg-hom.de,,19,761,365,,,,,X,,4,Gymnasium
5117,011022,privat,66386,St. Ingbert,Neue Messstraße 24,Alb.Magnus-Gymnasium (privat),06894-2138,06894-383839,,,15,610,349,,,,,X,,4,Gymnasium
5117,012011,öffentlich,66386,St. Ingbert,Im Schmelzerwald 51a,Leibniz-Gymnasium,06894-96390,06894-963918,mail@leibniz-igb.de,,19,700,362,,,,,,X,4,Gymnasium
6117,010011,öffentlich,66606,St. Wendel,Schorlemer Straße 28,Gymnasium-Wendalinum,06851-93220,06851-932233,info@wendalinum.de,www.wendalinum.de,20,717,371,,,,,X,,4,Gymnasium
6117,010022,privat,66606,St. Wendel,Missionshausstraße 50,Arnold-Janssen-Gymnasium (privat),06851-805300,06851-805375,schulleitung@ajg-wnd.de,,12,413,216,,,,X,,,4,Gymnasium
6117,011011,öffentlich,66606,St. Wendel,Missionshausstraße 14,Cusanus-Gymnasium,06851-93230,06851-932333,webmaster@cusanusgymnasium.de,http://www.cusanusgymnasium.de,15,553,296,,,,X,X,,4,Gymnasium
1100,005041,öffentlich,66113,Saarbrücken,Ziegelstraße 17,Gesamtschule Saarbrücken-Ludwigspark,0681-9471970,0681-47652,info@gemsludwigspark.de,www.gemsludwigspark.de,5,174,73,,,,,X,X,5,Gesamtschule
1100,005052,privat,66299,Friedrichsthal,Im Grühlingswald 19,"Montessori-Zentrum Saar, Gemeinschafts-/Gesamtschule",06897-9699010,06897-9699011,sekretariat@montessori-sb.de,,2,78,39,,,,X,,,5,Gesamtschule
1100,305031,öffentlich,66125,Saarbrücken,An der Mühlenschule 3,Gesamtschule Sulzbachtal,06897-97460,06897-74069,schulleitung@gemdud.de,www.gemdud.de,10,488,249,,,,,X,,5,Gesamtschule
1100,405011,öffentlich,66113,Saarbrücken,Weissenburger Straße 23,Gesamtschule Saarbrücken-Rastbachtal,0681-971460,0681-73692,sekretariat@rastbachtal.de,www.rastbachtal.de,10,469,221,,,,,X,,5,Gesamtschule
1100,405021,öffentlich,66117,Saarbrücken,Am Hagen 30,Gesamtschule Bellevue,0681-926200,0681-9262017,info@gesamtschule-bellevue.de,,6,181,85,,,,,,X,5,Gesamtschule
1517,205011,öffentlich,66292,Riegelsberg,Lindenstrasse 9,Gesamtschule Riegelsberg,06806-99210,06806-992140,engel@gesri.de,,5,129,66,,,,,X,,5,Gesamtschule
1519,105011,öffentlich,66333,Völklingen-Ludweiler,Hohlstraße 35,Graf-Ludwig-Gemeinschaftsschule im Warndt (Gesamtschule),06898-945810,06898-9458129,info@gesamtschule-graf-ludwig.de,www.gesamtschule-graf-ludwig.de,9,190,85,,,,X,X,,5,Gesamtschule
2112,205011,öffentlich,66679,Losheim,Weiskirchener Straße 18,Peter-Dewes-Gesamtschule,06872-921960,06872-9219630,PeDeGeLosheim@t-online.de,www.pdg-losheim.de,8,399,223,,,,,X,,5,Gesamtschule
2114,105011,öffentlich,66693,Mettlach-Orscholz,Saarbrücker Straße,Gesamtschule Mettlach-Orscholz,06865-91110,06865 9111100,info@gesamtschule-orscholz.de,www.gesamtschule-orscholz.de,7,210,102,,,,,,X,5,Gesamtschule
2115,005011,öffentlich,66706,Perl,Auf dem Sabel 2,Deutsch-Luxemburgisches Schengen-Lyceum Perl,06867-9111200,06867-9111220,sekretariat@schengenlyzeum.eu,www.schengenlyzeum.eu,29,835,436,,,,X,,,5,Gesamtschule
3114,105011,öffentlich,66538,Neunkirchen,Haspelstrasse,Gesamtschule Neunkirchen,06821-98240,06821-982428,info@gesamtschule-neunkirchen.de,,7,295,150,,,,X,,,5,Gesamtschule
3116,205011,öffentlich,66578,Schiffweiler,Comeniusstraße,Gesamtschule,06821-964840,06821-9648428,info@muehlbachschule.de,www.muehlbachschule.de,6,186,78,,,,,,X,5,Gesamtschule
4111,204011,öffentlich,66763,Dillingen,Industriestraße 40,Integrierte Gesamtschule (Sophie-Scholl-Schule),06831-97860,06831-978630,schulleitung@gesamtschule-dillingen.de,,8,234,124,,,,,,X,5,Gesamtschule
4120,305011,öffentlich,66787,Wadgassen,Weberstrasse,Gesamtschule  - Bisttalschule Wadgassen,06834-99415,06834-99416,info@bts-wadgassen.de,www.bisttalschule.de,11,245,128,,,,,X,,5,Gesamtschule
5111,105011,öffentlich,66450,Bexbach,Eichendorffweg 1,"Gesamtschule ""Galileo-Schule""",06826-93290,06826-932929,Sekretariat-Galileo-Schule@saarpfalz-kreis.de,www.galileo-schule-bexbach.de,8,216,92,,,,,X,,5,Gesamtschule
5113,205011,öffentlich,66453,Gersheim,Schulzentrum,Gesamtschule,06843-9007-29,06843-9007-127,info@gemsger.eu,www.gemeinschaftsschule-gersheim.de,6,150,57,,,,,X,,5,Gesamtschule
6112,105011,öffentlich,66646,Marpingen,Marienstrasse 21,Gesamtschule Marpingen,06853-91060,06853-910611,info@gemsmarpingen.de,www.gesmarpingen.de,9,496,284,,,,,X,,5,Gesamtschule
6114,205011,öffentlich,66625,Nohfelden-Türkismühle,Trierer Straße 23,Gesamtschule,06852-90250,06852-902511,gesnohfelden@t-online.de,www.gesnohfelden.de,13,618,319,,,,,X,,5,Gesamtschule
1100,006012,privat,66126,Saarbrücken-Altenkessel,Schulstraße 11,Freie Waldorfschule,06898-986970,06898-9869749,info@waldorfschule-saarbruecken.de,www.waldorfschule-saarbruecken.de,10,420,225,,,,,,X,6,freie Waldorfschule
1511,006012,privat,66299,Friedrichsthal-Bildstock,Neunkircher Straße 70,Waldorfschule für Lern- und Erziehungshilfe,06897-840000,06897-843913,info@johannes-schule.de,www.johannes-schule.de,11,123,41,,,,,X,,6,freie Waldorfschule
5111,006012,privat,66450,Bexbach,Parkstraße,Freie Waldorfschule,06826-3260,06826-4561,info@waldorfschule-bexbach.de,,10,392,206,,,,,,X,6,freie Waldorfschule
6114,006012,privat,66625,Nohfelden-Walhausen,Schoosbergstraße 11,Freie Waldorfschule Saar-Hunsrück,06852-82599,06852-802179,FWS.Walhausen@t-online.de,www.waldorfschule-saar-hunsrueck.de,10,321,162,,,,,X,,6,freie Waldorfschule
1100,354011,öffentlich,66121,Saarbrücken,Sachsenweg 8,Erweiterte Abendrealschule,0681-635032,0681-61598,,,5,179,76,,,,,,X,9,erweiterte Realschule Abendform
4111,254011,öffentlich,66763,Dillingen,Industriestraße 29,Erweiterte Realschule in Abendform,06831-9869600,06831-9869601,sekretariat@sar-dillingen.de,www.sar-dillingen.de,4,95,36,,,,,,X,9,erweiterte Realschule Abendform
1100,6052,privat,66299,Friedrichsthal,Im Grühlingswald 19,"Montessori-Zentrum Saar, Gemeinschafts-/Gesamtschule",06897-9699010,06897-9699011,sekretariat@montessori-sb.de,,5,116,48,,,,X,,,0,Gemeinschaftsschule
1100,60011,öffentlich,66113,Saarbrücken,Ziegelstraße 17,Gemeinschaftsschule,0681-9471970,0681-47652,info@gemsludwigspark.de,www.gemsludwigspark.de,12,315,142,,,,X,X,,0,Gemeinschaftsschule
1100,60021,öffentlich,66125,Saarbrücken,An der Mühlenschule 3,Gemeinschaftsschule,06897-97460,06897-74069,schulleitung@gemdud.de,www.gemdud.de,24,628,323,,,,,X,,0,Gemeinschaftsschule
1100,60031,öffentlich,66121,Saarbrücken,Sachsenweg 8,Gemeinschaftsschule Bruchwiese,0681/635032,0681-61598,,,9,237,103,,,,,,X,0,Gemeinschaftsschule
1100,60041,öffentlich,66127,Saarbrücken,Hauptstraße 53,Gemeinschaftsschule Klarenthal,06898/37558,06898-935899,,,15,361,186,,,,,X,,0,Gemeinschaftsschule
1100,60051,öffentlich,66113,Saarbrücken,Weissenburger Straße 23,Gemeinschaftsschule,0681-971460,0681-73692,sekretariat@rastbachtal.de,www.rastbachtal.de,24,634,314,,,,,X,,0,Gemeinschaftsschule
1100,60061,öffentlich,66117,Saarbrücken,Am Hagen 30,Gemeinschaftsschule,0681-926200,0681-9262017,info@gesamtschule-bellevue.de,,15,351,178,,,,X,,,0,Gemeinschaftsschule
1100,60071,öffentlich,66130,Saarbrücken,Saargemünder Straße 157,Gemeinschaftsschule Güdingen,0681/8739715,0681-8739990,gems-guedingen@t-online.de,,12,288,108,,,,,X,,0,Gemeinschaftsschule
1513,260011,öffentlich,66265,Heusweiler,Schillerstraße 65,Gemeinschaftsschule Heusweiler,06806/6308,06806/6634,schulleitung@schiller-schule-heusweiler.de,www.schiller-schule-heusweiler.de,10,239,98,,,,,X,,0,Gemeinschaftsschule
1514,460011,öffentlich,66271,Kleinblittersdorf,Wintringer Straße 78,Gemeinschaftsschule Kleinblittersdorf,06805/1445,06805-8427,sekretariat@ers-kleinblittersdorf.com,www.ers-kleinblittersdorf.de,8,161,69,,,,,X,,0,Gemeinschaftsschule
1515,160011,öffentlich,66346,Püttlingen,Pickardstraße 33,Gemeinschaftsschule Püttlingen,06898/64421,06898-64431,pws@sanet.de,www.ers-puettlingen.de,10,231,96,,,,,,X,0,Gemeinschaftsschule
1516,260011,öffentlich,66287,Quierschied,Schulzentrum Taubenfeld,Gemeinschaftsschule,06897/62212,06897/63478,realquier@web.de,www.ersquierschied.de,15,318,130,,,,,X,,0,Gemeinschaftsschule
1517,260011,öffentlich,66292,Riegelsberg,Lindenstrasse 9,Gemeinschaftsschule,06806-99210,06806-992140,,,12,318,159,,,,,X,,0,Gemeinschaftsschule
1518,260011,öffentlich,66280,Sulzbach,Parkstraße 10,Gemeinschaftsschule,06897/952095-0,06897/952095-29,Roswitha.Bachinger@gbs-schulen.de,www.gems-vopeliuspark.de,10,244,117,,,,,X,,0,Gemeinschaftsschule
1519,160011,öffentlich,66333,Völklingen-Ludweiler,Hohlstraße 35,Graf-Ludwig-Gemeinschaftsschule im Warndt,06898-945810,06898-9458129,info@gesamtschule-graf-ludwig.de,www.gesamtschule-graf-ludwig.de,17,380,182,,,,,X,,0,Gemeinschaftsschule
1519,160021,öffentlich,66333,Völklingen,Heinestraße 70,Gemeinschaftsschule Am Sonnenhügel,06898 9149730,06898/296911,schulleitung@ers-sonnenhuegel.de,www.gemeinschaftsschule-voelklingen.de,14,328,159,,,,,X,,0,Gemeinschaftsschule
1519,160031,öffentlich,66333,Völklingen,Heinestraße 70,Gemeinschaftsschule Hermann Neuberger Völklingen,06898 9149730,06898/296911,schulleitung@hns-vk.de,www.hermann-neuberger-schule.de,10,262,129,,,,X,,,0,Gemeinschaftsschule
2111,260011,öffentlich,66701,Beckingen,Hindenburgstraße 19,Friedrich-Bernhard-Karcher- Schule Beckingen -Gemeinschaftsschule,06835/608190,06835/608199,info@fbks-beckingen.de,www.fbks-beckingen.de,8,198,92,,,,,X,,0,Gemeinschaftsschule
2112,260011,öffentlich,66679,Losheim,Weiskirchener Straße 18,Gemeinschaftsschule,06872-921960,06872-9219630,PeDeGeLosheim@t-online.de,www.pdg-losheim.de,17,443,200,,,,,X,,0,Gemeinschaftsschule
2113,160011,öffentlich,66663,Merzig,Von-Boch-Straße 75,Gemeinschaftsschule Merzig,06861/770770,06861/7707729,,,16,392,198,,,,,X,,0,Gemeinschaftsschule
2114,160011,öffentlich,66693,Mettlach-Orscholz,Saarbrücker Straße,Gemeinschaftsschule Mettlach-Orscholz,06865-91110,06865 9111100,info@ges-orscholz.de,,18,473,212,,,,,X,,0,Gemeinschaftsschule
2116,260011,öffentlich,66687,Wadern,Gartenfeldstraße 23,Gemeinschaftsschule Wadern,06871/923020,06871-9230230,gaswadern@t-online.de,www.erswadern.de,12,286,120,,,,,X,,0,Gemeinschaftsschule
2117,260011,öffentlich,66709,Weiskirchen,Am Marktplatz 1,Eichenlaubschule - Gemeinschaftsschule,06876/345,06876-7540,office@eichenlaubschule.de,www.eichenlaubschule.de,13,306,133,,,,,X,,0,Gemeinschaftsschule
3111,260011,öffentlich,66571,Eppelborn,Hellbergstraße 40A,Gemeinschaftsschule Eppelborn,06881/962127,06881-962129,gems.eppelborn@gmx.de,www.gems-eppelborn.de,8,197,88,,,,,,X,0,Gemeinschaftsschule
3112,260011,öffentlich,66557,Illingen,Schwarzer Weg 2,Gemeinschaftsschule Illingen,06825/94200,06825-942011,,,11,278,125,,,,,,X,0,Gemeinschaftsschule
3113,260011,öffentlich,66589,Merchweiler,Bildstockstr. 127,Gemeinschaftsschule Merchweiler - Max von der Grün Schule,06825/42261,06825-42262,sekretariat@gems-merchweiler.de,www.gems.merchweiler.de,8,179,92,,,,x,,,0,Gemeinschaftsschule
3114,160011,öffentlich,66538,Neunkirchen,Haspelstrasse,Gemeinschaftsschule,06821-98240,06821-982428,,,16,411,186,,,,X,,,0,Gemeinschaftsschule
3114,160012,privat,66540,Neunkirchen-Wiebelskirchen,Prälat-Schütz-Straße 15,Maximilian-Kolbe-Schule Gemeinschaftsschule,06821-95040,06821-950444,maximilian-kolbe.schule@bistum-trier.de,www.maximilian-kolbe-schule.de,3,71,31,,,,,X,,0,Gemeinschaftsschule
3114,160021,öffentlich,66538,Neunkirchen,Lutherstraße 2,Gemeinschaftsschule,06821-999710,06821-9997130,stadtmitte@ers-neunkirchen.de,,11,292,154,,,,,X,,0,Gemeinschaftsschule
3114,160031,öffentlich,66539,Neunkirchen,Pestalozzistraße,Gemeinschaftsschule Neunkirchen Wellesweiler,06821/94090,06821/940940,info@alex-deutsch-schule.de,www.alex-deutsch-schule.de,8,179,73,,,,,X,,0,Gemeinschaftsschule
3115,260011,öffentlich,66564,Ottweiler,Seminarstraße 56,bachem,06824/5320,06824-4361,ahs-otw@web.de,www.anton-hansen-schule.de,8,179,79,,,,,X,,0,Gemeinschaftsschule
3116,260011,öffentlich,66578,Schiffweiler,Comeniusstraße,Gemeinschaftsschule,06821-964840,06821-9648428,info@muehlbachschule.de,www.muehlbachschule.de,12,317,142,,,,,X,,0,Gemeinschaftsschule
3117,160011,öffentlich,66583,Spiesen-Elversberg,Am Ring 39 a,Gemeinschaftsschule Spiesen-Elversberg,06821/97000,06821/970013,v.burkhard@gems-spiesen-elversberg.de,www.gems-spiesen-elversberg.de,8,186,83,,,,,,X,0,Gemeinschaftsschule
4111,260011,öffentlich,66763,Dillingen,Industriestraße 40,Sophie-Scholl-Gemeinschaftsschule,06831-97860,06831-978630,schulleitung@ssg-dillingen.de,www.ssg-dillingen.de,15,361,157,,,,X,,,0,Gemeinschaftsschule
4111,260021,öffentlich,66763,Dillingen,Industriestraße 29,Schule am Römerkastell Dillingen - Gemeinschaftsschule,06831-9869600,06831-9869601,sekretariat@sar-dillingen.de,www.sar-dillingen.de,9,222,106,,,,,X,,0,Gemeinschaftsschule
4112,160012,privat,66822,Lebach,Dillinger Straße 67,Nikolaus-Gross-Schule (Gemeinschaftsschule),06881-91323,06881-91324,sekretariat@ngs-lebach.de,www.ngs-lebach.de,2,58,27,,,,,X,,0,Gemeinschaftsschule
4112,260011,öffentlich,66822,Lebach,Mottener Straße 52,Gemeinschaftsschule Lebach,06881/3065,06881/3025,,,9,176,74,,,,,,X,0,Gemeinschaftsschule
4113,260011,öffentlich,66809,Nalbach,Josefstraße 11,Gemeinschaftsschule Nalbach - Schule am Litermont,06838-983706,06838-983708,ERS-Nalbach@t-online.de,www.schule-am-litermont.de,12,281,123,,,,,,X,0,Gemeinschaftsschule
4114,360011,öffentlich,66780,Rehlingen-Siersburg,Beckinger Straße 38,Gemeinschaftsschule Rehlingen-Siersburg,06835/92240,06835 922414,,,8,201,86,,,,,X,,0,Gemeinschaftsschule
4115,160011,öffentlich,66740,Saarlouis,St. Nazairer Allee 6,Gemeinschaftsschule In den Fliesen Saarlouis I,06831/41878,06831-41898,schulleitung.sls1@gmail.com,www.ers1sls.de,8,175,72,,,,,X,,0,Gemeinschaftsschule
4115,160021,öffentlich,66740,Saarlouis,Kreuzbergstraße 87,Gemeinschaftsschule Saarlouis II,06831-80056,06831-80057,sekretariat@mlksls.de,,10,256,115,,,,,X,,0,Gemeinschaftsschule
4116,160011,öffentlich,66793,Saarwellingen,An der Waldwies 2-4,Gemeinschaftsschule Saarwellingen,06838/90060,06838-900620,braun@schule-an-der-waldwies.de,www.gems-ers-saarwellingen.de,8,175,79,,,,,X,,0,Gemeinschaftsschule
4117,260011,öffentlich,66839,Schmelz,Wilhelm-Busch-Straße 11,Gemeinschaftsschule Schmelz,06887/2570,06887-887126,schulleitung@gems-schmelz.de,www.gems-schmelz.de,9,184,74,,,,,X,,0,Gemeinschaftsschule
4118,160011,öffentlich,66773,Schwalbach,Weiherstraße 24a,Gemeinschaftsschule Schwalbach,06834/953953,06834-953954,,,16,416,193,,,,,X,,0,Gemeinschaftsschule
4119,360011,öffentlich,66802,Überherrn,Comeniusstraße 22,Gemeinschaftsschule Überherrn,06836/2531,06836-2031,,,14,359,161,,,,,,X,0,Gemeinschaftsschule
4120,360011,öffentlich,66787,Wadgassen,Weberstrasse,Gemeinschaftsschule - Bisttalschule Wadgassen,06834-99415,06834-99416,info@bts-wadgassen.de,www.bisttalschule.de,16,375,198,,,,,X,,0,Gemeinschaftsschule
4121,360011,öffentlich,66798,Wallerfangen,Bungertstraße 30,Gemeinschaftsschule Wallerfangen,06831/964585,06831-964594,schulleitung@schule-am-limberg.de,www.schule-am-limberg.de,10,247,114,,,,,X,,0,Gemeinschaftsschule
5111,160011,öffentlich,66450,Bexbach,Eichendorffweg 1,"Gemeinschaftsschule ""Galileo-Schule""",06826-93290,06826-932929,Sekretariat-Galileo-Schule@saarpfalz-kreis.de,www.galileo-schule-bexbach.de,13,342,168,,,,,X,,0,Gemeinschaftsschule
5112,260011,öffentlich,66440,Blieskastel,Schulzentrum,Gemeinschaftsschule Blieskastel,06842/923760,06842/923766,gss-blieskastel@t-online.de,www.gss-blieskastel.de,8,191,92,,,,,X,,0,Gemeinschaftsschule
5113,260011,öffentlich,66453,Gersheim,Schulzentrum,Gemeinschaftsschule,06843-9007-29,06843-9007-127,info@gemsger.eu,www.gemeinschaftsschule-gersheim.de,16,380,158,,,,,X,,0,Gemeinschaftsschule
5114,160011,öffentlich,66424,Homburg,Virchowstraße 7,Gemeinschaftsschule Homburg I,06841/92330,06841-923326,schulleiter.ers1-hom@saarpfalz-kreis.de,,11,252,128,,,,X,,,0,Gemeinschaftsschule
5114,160021,öffentlich,66424,Homburg,Cranachstraße 7,Gemeinschaftsschule Homburg II,06841/972930,06841/9729321,bernd.jaehn@neue-sandrennbahn.de,,13,283,138,,,,,X,,0,Gemeinschaftsschule
5115,160011,öffentlich,66459,Kirkel-Limbach,Hauptstraße 75,Gemeinschaftsschule Kirkel- Limbach,06841-980040,06841-980429,sekretariat.gems-lim@saarpfalz-kreis.de,www.erskirkel.de,8,200,89,,,,,X,,0,Gemeinschaftsschule
5116,260011,öffentlich,66399,Mandelbachtal,Vichter Straße 1,Gemeinschaftsschule Mandelbachtal,06803/39000,06803/390020,christina.linz@saarpfalz-kreis.de,,8,162,58,,,,,X,,0,Gemeinschaftsschule
5117,260011,öffentlich,66386,St. Ingbert,Im Schmelzerwald 66,Gemeinschaftsschule I St. Ingbert,06894/96090,06894-960918,,,7,144,60,,,,,,X,0,Gemeinschaftsschule
5117,260021,öffentlich,66386,St. Ingbert,Sportplatzstraße 3,Gemeinschaftsschule St. Ingbert-Rohrbach,06894/9989820,06894/9989829,info@gems-rohrbach.de,www.gems-rohrbach.de,11,274,121,,,,,X,,0,Gemeinschaftsschule
6111,260011,öffentlich,66629,Freisen,Schulstraße 43,Gemeinschaftsschule Freisen,06855/7992,06855/996902,ers.freisen@t-online.de,http://www.gems-feisen.de,21,570,266,,,,,,X,0,Gemeinschaftsschule
6112,160011,öffentlich,66646,Marpingen,Marienstrasse 21,Gemeinschaftsschule,06853-91060,06853-910611,info@gemsmarpingen.de,www.gesmarpingen.de,20,524,266,,,,,X,,0,Gemeinschaftsschule
6114,260011,öffentlich,66625,Nohfelden-Türkismühle,Trierer Straße 23,Gemeinschaftsschule,06852-90250,06852-902511,gesnohfelden@t-online.de,www.gesnohfelden.de,25,607,263,,,,,X,,0,Gemeinschaftsschule
6117,160011,öffentlich,66606,St. Wendel,Willi-Graf-Straße 3,Gemeinschaftsschule St. Wendel,06851/93190,06851/931933,,,9,195,98,,,,X,,,0,Gemeinschaftsschule
6118,160011,öffentlich,66636,Tholey-Theley,Toni Lermen Straße 2,Gemeinschaftsschule Tholey,06853/9128-0,06853/912850,ERS.Theley@t-online.de,www.ers-theley.de,14,351,151,,,,,,X,0,Gemeinschaftsschule
1100,015011,öffentlich,66111,Saarbrücken,Am Landwehrplatz 3,Abendgymnasium Saarbrücken,0681-3798118,,w.rekrut@t-online.de,www.abendgymnasium-saarbruecken.de,2,171,92,,,,,,X,7,Abendgymnasium-Saarland-Kolleg
1100,016011,öffentlich,66113,Saarbrücken,Rheinstraße 95,Saarland-Kolleg,0681-751610,0681-754826,kontakt@wwgsk.de,,3,117,65,,,,,,X,7,Abendgymnasium-Saarland-Kolleg