X,Y,fid,gml_id,OBJECTID,C_S_Nr,C_S_Name,C_S_SG,C_S_Str,C_S_HNr,C_S_PLZ,C_S_Ort,C_S_Email,C_S_HomeP,C_S_GEO_X,C_S_GEO_Y,C_S_Status,C_S_SF,C_S_SF_Sta,C_S_GTA,C_S_Traeg,C_S_SI,C_S_SuS,C_S_SuS_ES,C_S_SuS_PS,C_S_SuS_S1,C_S_SuS_S2,C_S_PrSt,Schwerpunkt
567209.159,5934811.86799999978,C_2015_Schulen_SekI.0,id94be87d3-4fbf-4dc1-b111-a597578bed1b,2,3202,Domschule St. Marien (Stadtteilschule),5005,Schmilinskystraße,70,20099,Hamburg,sekretariat@domschule.kshh.de,http://www.domschule-hamburg.de,567209.159,5934811.868,privat,STS,STSp,GTS ohne Träger,Katholischer Schulverband Hamburg,3,263,0,0,263,0,,
573408.242,5932978.11099999957,C_2015_Schulen_SekI.1,ideab3ef1b-c582-4af5-9744-68249492b3c2,3,3203,Katholische Schule St. Paulus,12014,Öjendorfer Weg,14,22111,Hamburg,Sekretariat@kath-schule-st-paulus.kshh.de,http://www.kath-schule-st-paulus.de,573408.242,5932978.111,privat,STS,STSp,GTS ohne Träger,Katholischer Schulverband Hamburg,3,646,55,293,298,0,PrSt,
563335.257,5934928.298,C_2015_Schulen_SekI.2,idff6e6a4d-1a66-41f6-8f80-45efa494d282,4,3204,Katholische Schule Altona,21002,Dohrnweg,6,22767,Hamburg,sekretariat@kath-schule-altona.kshh.de,http://www.katholische-schule-altona.de,563335.257,5934928.298,privat,STS,STSp,GTS ohne Träger,Katholischer Schulverband Hamburg,2,298,20,131,147,0,PrSt,
569827.651,5937897.37899999972,C_2015_Schulen_SekI.3,id32ea1e0b-c390-4510-a2eb-3134f538d8eb,10,3210,Franz-von-Assisi-Schule,53024,Lämmersieth,38,22305,Hamburg,sekretariat@franz-von-assisi-schule.kshh.de,http://www.franz-von-assisi-schule.kshh.de,569827.651,5937897.379,privat,STS,STSp,GTS ohne Träger,Katholischer Schulverband Hamburg,3,250,0,0,250,0,,
564388.602,5923649.642,C_2015_Schulen_SekI.4,idcf027122-773b-46b7-9a5a-9831382b8ab8,16,3216,Katholische Schule Harburg,88006,Reeseberg,8,21073,Hamburg,sekretariat@kath-schule-harburg.kshh.de,,564388.602,5923649.642,privat,STS,STSp,GTS ohne Träger,Katholischer Schulverband Hamburg,3,690,66,297,327,0,PrSt,
565436.761,5928874.437,C_2015_Schulen_SekI.5,idda3a2042-0b19-4104-86af-95a2e844142e,17,3217,Katholische Bonifatiusschule,16015,Bonifatiusstraße,2,21107,Hamburg,schule@bonifatiusschule.de,http://www.bonifatiusschule.de/,565436.761,5928874.437,privat,STS,STSp,GTS ohne Träger,Katholischer Schulverband Hamburg,3,637,38,296,303,0,PrSt,
567993.87,5941340.93499999959,C_2015_Schulen_SekI.6,idd8b992c7-cb30-4e77-b604-edfe93565d5e,18,3218,"Bugenhagen-Schule Alsterdorf, Schule für Kinder mit besonderem Förderbedarf",47006,Alsterdorfer Straße,506,22337,Hamburg,schulbuero@bugi.de,http://www.bugi.de,567993.87,5941340.935,privat,SO,SOp,GTS ohne Träger,Evangelische Stiftung Alsterdorf,-1,134,0,42,74,18,PrSt,
568335.26,5934786.64099999983,C_2015_Schulen_SekI.7,idb0c86f8b-66aa-46be-ae99-971f17021b91,19,3219,Sankt-Ansgar-Schule,7001,Bürgerweide,33,20535,Hamburg,sekretariat@sankt-ansgar-schule.kshh.de,http://www.sankt-ansgar-schule.de,568335.26,5934786.641,privat,GY,GYp,GTS ohne Träger,Katholischer Schulverband Hamburg,5,807,0,0,594,213,,
565935.169,5935251.154,C_2015_Schulen_SekI.8,id15abc7ae-14bb-46b8-b0f2-e45421b1f488,20,3220,Sophie-Barat-Schule,36011,Warburgstraße,39,20354,Hamburg,sekretariat@sbshh.de,http://www.sophie-barat-schule.de/,565935.169,5935251.154,privat,GY,GYp,GTS ohne Träger,Katholischer Schulverband Hamburg,6,923,0,0,725,198,,
556060.735,5925113.5,C_2015_Schulen_SekI.9,ida2af111f-90c2-4cf0-8cb0-f510d7794da5,21,3222,Katholische Schule Neugraben,101012,Cuxhavener Straße,379,21149,Hamburg,sekretariat@kath-schule-neugraben.kshh.de,,556060.735,5925113.5,privat,STS,STSp,GBS (immer mit Träger),Katholischer Schulverband Hamburg,3,462,40,234,188,0,PrSt,
567993.87,5941340.93499999959,C_2015_Schulen_SekI.10,idc640a013-1af5-4f4c-992d-4e07d8f173c3,22,3223,Bugenhagen-Schule Alsterdorf (Stadtteilschule),47006,Alsterdorfer Straße,506,22337,Hamburg,schulbuero@bugi.de,http://www.bugi.de,567993.87,5941340.935,privat,STS,STSp,GTS ohne Träger,Evangelische Stiftung Alsterdorf,-1,529,0,0,441,88,,
564499.72,5923648.307,C_2015_Schulen_SekI.11,id856afb60-729b-4792-8a19-441b1d9cd9e0,23,3224,Niels-Stensen-Gymnasium,88006,Barlachstraße,16,21073,Hamburg,Leitung@Niels-Stensen-Gymnasium.kshh.de,http://www.niels-stensen-gymnasium.de,564499.72,5923648.307,privat,GY,GYp,GTS ohne Träger,Katholischer Schulverband Hamburg,4,542,0,0,375,167,,
553487.469,5935111.05599999987,C_2015_Schulen_SekI.12,id89f251d6-08db-44c8-9fa8-548daa6b040c,32,3233,Bugenhagen-Schule im Hessepark (Stadtteilschule),31004,Oesterleystraße,22,22587,Hamburg,schulbuero@bugi.de,,553487.469,5935111.056,privat,STS,STSp,GTS ohne Träger,Evangelische Stiftung Alsterdorf,-1,324,0,0,266,58,,
569290.077,5939697.557,C_2015_Schulen_SekI.13,ida81c0f61-e4a5-4258-846a-697477fc3e59,33,5043,Stadtteilschule Helmuth Hübener,53006,Langenfort,68,22307,Hamburg,stadtteilschule-helmuth-huebener@bsb.hamburg.de,http://www.helmuthhuebener.de,569290.077,5939697.557,staatl.,STS,STS,GTS ohne Träger,,2,1046,0,0,828,218,,
574422.38,5939016.06099999975,C_2015_Schulen_SekI.14,iddfc5ad8d-71b9-4d9a-9b26-2cdd45727f93,34,5046,Gyula Trebitsch Schule Tonndorf,61004,Barenkrug,16,22159,Hamburg,gyula-trebitsch-schule-tonndorf@bsb.hamburg.de,http://www.gyula-trebitsch-schule-tonndorf.de,574422.38,5939016.061,staatl.,STS,STS,GTS ohne Träger,,4,1466,0,0,1202,264,,
575125.637,5947596.994,C_2015_Schulen_SekI.15,id03ee085e-9dd2-4eae-ba4d-46479d9a62cd,35,5048,Stadtteilschule Bergstedt,72004,Volksdorfer Damm,218,22395,Hamburg,Stadtteilschule-Bergstedt@bsb.hamburg.de,http://www.sts-bergstedt.de,575125.637,5947596.994,staatl.,STS,STS,GTS ohne Träger,,5,1019,0,0,769,250,,1
567962.444,5947403.39499999955,C_2015_Schulen_SekI.16,id608c93de-a45f-4987-8352-24e248190e69,36,5049,Stadtteilschule Am Heidberg,56010,Tangstedter Landstraße,300,22417,Hamburg,stadtteilschule-am-heidberg@bsb.hamburg.de,http://www.amheidberg.de,567962.444,5947403.395,staatl.,STS,STS,GTS ohne Träger,,4,921,0,0,782,139,,1
567669.145,5936910.409,C_2015_Schulen_SekI.17,id5601fd66-d9a4-4fbd-a163-71bd7af3eb6c,37,5052,Ilse-Löwenstein-Schule,51014,Humboldtstraße,89,22083,Hamburg,ilse-loewenstein-schule@bsb.hamburg.de,http://ilse-loewenstein-schule.hamburg.de/,567669.145,5936910.409,staatl.,STS,STS,GTS ohne Träger,,4,409,0,0,409,0,,
569254.962,5943153.21899999958,C_2015_Schulen_SekI.18,id9270b197-0ad4-4c4e-b4ba-04cb7292a3ff,38,5053,Albert-Schweitzer-Schule,54001,Schluchtweg,1,22337,Hamburg,Albert-Schweitzer-Schule@bsb.hamburg.de,http://www.albert-schweitzer-schule.hamburg.de,569254.962,5943153.219,staatl.,STS,STS,ohne Ganztagsangebot,,6,714,0,408,306,0,PrSt,
574911.028,5936481.62,C_2015_Schulen_SekI.19,iddb3c56ca-7bba-4565-8bf7-8428326f84d4,39,5054,Max-Schmeling-Stadtteilschule,60010,Oktaviostraße,143,22043,Hamburg,max-schmeling-stadtteilschule@bsb.hamburg.de,http://www.max-schmeling-stadtteilschule.de,574911.028,5936481.62,staatl.,STS,STS,GTS ohne Träger,,2,755,0,0,755,0,,
570827.476,5938162.096,C_2015_Schulen_SekI.20,id9728b179-c5ba-4485-86c5-95193e2f68ef,40,5056,Stadtteilschule Alter Teichweg,52001,Alter Teichweg,200,22049,Hamburg,stadtteilschule-alter-teichweg@bsb.hamburg.de,http://www.gs-atw.de,570827.476,5938162.096,staatl.,STS,STS,GTS ohne Träger,,2,1086,30,197,574,285,PrSt,1
576135.847,5931832.744,C_2015_Schulen_SekI.21,idf0da8499-8327-4690-b447-03e7b04050d5,41,5057,Stadtteilschule Mümmelmannsberg,12022,Mümmelmannsberg,75,22115,Hamburg,stadtteilschule-muemmelmannsberg@bsb.hamburg.de,http://www.stadtteilschule-muemmelmannsberg.de,576135.847,5931832.744,staatl.,STS,STS,GTS ohne Träger,,1,1185,0,0,983,202,,1
578754.856,5927751.989,C_2015_Schulen_SekI.22,id5dae3cb1-94a4-4257-9125-36c7d54f74d3,44,5061,Stadtteilschule Bergedorf,75016,Ladenbeker Weg,13,21033,Hamburg,info@sts-bergedorf.de,http://www.sts-bergedorf.de/,578754.856,5927751.989,staatl.,STS,STS,GTS ohne Träger,,4,1438,0,0,1026,412,,1
566882.026,5938712.58899999969,C_2015_Schulen_SekI.23,idae0ef48a-3602-4d31-94e9-f1d89330f1d4,45,5062,Heinrich-Hertz-Schule,48011,Grasweg,72,22303,Hamburg,heinrich-hertz-schule@bsb.hamburg.de,http://www.heinrich-hertz-schule-hamburg.de,566882.026,5938712.589,staatl.,STS,STS,GTS ohne Träger,,4,1379,0,0,1020,359,,1
571056.428,5934728.449,C_2015_Schulen_SekI.24,id153850d2-1072-4f2d-8b43-8c6e7adbfe96,46,5063,Stadtteilschule Horn,11005,Horner Weg,89,22111,Hamburg,stadtteilschule-horn@bsb.hamburg.de,http://www.stshorn.hamburg.de,571056.428,5934728.449,staatl.,STS,STS,GTS-Übergang,,2,1187,0,0,929,258,,
574093.278,5941160.456,C_2015_Schulen_SekI.25,iddaaeed82-9998-46a3-801f-cc6827252579,47,5064,Erich Kästner Schule,62006,An der Berner Au,12,22159,Hamburg,erich-kaestner-schule@bsb.hamburg.de,http://www.erich-kaestner-hamburg-schule.de,574093.278,5941160.456,staatl.,STS,STS,GTS ohne Träger,,3,1431,46,247,882,256,PrSt,1
567543.923,5945782.75499999989,C_2015_Schulen_SekI.26,idea6959af-c4af-43ca-99be-b378d1ba6af4,48,5065,Fritz-Schumacher-Schule,56017,Foorthkamp,42,22417,Hamburg,fritz-schumacher-schule@bsb.hamburg.de,http://www.fss-hh.de/,567543.923,5945782.755,staatl.,STS,STS,GTS ohne Träger,,4,999,0,0,727,272,,
556629.159,5938405.712,C_2015_Schulen_SekI.27,id20eb0f14-ab0e-4cf4-a825-be35939ca585,49,5066,Geschwister-Scholl-Stadtteilschule,28014,Böttcherkamp,181,22549,Hamburg,geschwister-scholl-stadtteilschule@bsb.hamburg.de,http://www.gsst.hamburg.de,556629.159,5938405.712,staatl.,STS,STS,GTS ohne Träger,,1,566,0,0,418,148,,1
559770.494,5942180.472,C_2015_Schulen_SekI.28,id6550af5f-9abc-4f53-9148-b5e341cb97a1,50,5067,Julius-Leber-Schule,41010,Halstenbeker Straße,41,22457,Hamburg,Julius-Leber-Schule@bsb.hamburg.de,http://www.hh.schule.de/julius-leber-schule/,559770.494,5942180.472,staatl.,STS,STS,GTS ohne Träger,,4,1669,0,0,1199,470,,1
572956.258,5944026.865,C_2015_Schulen_SekI.29,ide2e869ed-2f6f-471c-8b21-4bdac02cb349,51,5069,Irena-Sendler-Schule,65006,Am Pfeilshof,20,22393,Hamburg,irena-sendler-stadtteilschule@bsb.hamburg.de,http://www.irena-sendler-schule.hamburg.de,572956.258,5944026.865,staatl.,STS,STS,GTS ohne Träger,,4,1090,0,0,786,304,,
564663.053,5923903.71,C_2015_Schulen_SekI.30,id0b9d8d95-ad2b-4f28-906b-7f16be1fd027,52,5070,Goethe-Schule-Harburg,88004,Bunatwiete,20,21073,Hamburg,goethe-schule-harburg@bsb.hamburg.de,http://www.goethe-schule-harburg.de,564663.053,5923903.71,staatl.,STS,STS,GTS ohne Träger,,4,1693,0,0,1183,510,,
564473.407,5936595.463,C_2015_Schulen_SekI.31,id760ff8c0-e674-4036-8f97-b383373f7d39,53,5071,Ida Ehre Schule,37005,Lehmweg,14,20144,Hamburg,ida-ehre-schule@bsb.hamburg.de,http://www.idaehreschule.de,564473.407,5936595.463,staatl.,STS,STS,GTS ohne Träger,,3,1258,0,0,890,368,,1
567263.985,5927611.387,C_2015_Schulen_SekI.32,id18acb3ef-6e42-440c-98a7-97fe9a5a0239,54,5072,Nelson-Mandela-Schule im Stadtteil Kirchdorf,16022,Neuenfelder Straße,106,21109,Hamburg,nelson-mandela-schule@bsb.hamburg.de,http://www.nms-kirchdorf.de,567263.985,5927611.387,staatl.,STS,STS,GTS ohne Träger,,1,1100,0,0,779,321,,
570287.622,5941488.54899999965,C_2015_Schulen_SekI.33,id05570142-0b39-4a14-b209-0390c1bcb560,56,5075,Schule am See,64001,Gropiusring,43,22309,Hamburg,schule-am-see@bsb.hamburg.de,http://www.schuleamsee-hamburg.de,570287.622,5941488.549,staatl.,STS,STS,GTS ohne Träger,,2,474,18,179,277,0,PrSt,
561070.868,5935085.49,C_2015_Schulen_SekI.34,id5e34cb29-97f4-4942-9cc2-727c3361323f,57,5076,Max-Brauer-Schule,25017,Daimlerstraße,40,22761,Hamburg,max-brauer-schule@bsb.hamburg.de,http://www.max-brauer-schule.de,561070.868,5935085.49,staatl.,STS,STS,GTS ohne Träger,,5,1461,19,270,882,290,PrSt,
554463.974,5935305.017,C_2015_Schulen_SekI.35,idbd0bdea1-ea71-42aa-9054-1e7630d705ac,58,5077,Stadtteilschule Blankenese,31005,Frahmstraße,15,22587,Hamburg,stadtteilschule-blankenese@bsb.hamburg.de,http://www.stadtteilschule-blankenese.de,554463.974,5935305.017,staatl.,STS,STS,GTS-Übergang,,5,1102,0,0,744,358,,1
571486.2,5946000.156,C_2015_Schulen_SekI.36,id50805343-59f7-47f6-9190-777163c9a509,59,5079,Stadtteilschule Poppenbüttel,67009,Poppenbüttler Stieg,7,22399,Hamburg,stadtteilschule-poppenbuettel@bsb.hamburg.de,http://www.stadtteilschule-poppenbuettel.hamburg.de,571486.2,5946000.156,staatl.,STS,STS,GTS ohne Träger,,5,877,0,0,650,227,,1
558061.449,5931825.58899999969,C_2015_Schulen_SekI.37,id7db5aaf4-9f1f-47b2-89d7-24f69c3a6b10,60,5080,Stadtteilschule Finkenwerder,20007,Norderschulweg,14,21129,Hamburg,stadtteilschule-finkenwerder@bsb.hamburg.de,http://www.sts-finkenwerder.de,558061.449,5931825.589,staatl.,STS,STS,GTS ohne Träger,,3,616,0,0,495,121,,1
560157.475,5935860.69799999986,C_2015_Schulen_SekI.38,id7ff56325-bdea-457a-b130-6845da4adff3,61,5081,Stadtteilschule Bahrenfeld,25012,Regerstraße,21,22761,Hamburg,stadtteilschule-bahrenfeld@bsb.hamburg.de,http://www.stadtteilschule-bahrenfeld.de,560157.475,5935860.698,staatl.,STS,STS,GTS ohne Träger,,3,907,0,0,728,179,,1
558784.43,5940838.712,C_2015_Schulen_SekI.39,id3405ffda-8514-4379-82bc-fea90bef484f,62,5083,Stadtteilschule Eidelstedt,42010,Niekampsweg,25,22523,Hamburg,stadtteilschule-eidelstedt@bsb.hamburg.de,http://www.stadtteilschule-eidelstedt.de,558784.43,5940838.712,staatl.,STS,STS,GTS ohne Träger,,2,1052,0,0,833,219,,
577343.417,5927066.552,C_2015_Schulen_SekI.40,id329d829b-58aa-4c97-99b8-ce3e0e3c885f,63,5084,Gretel-Bergmann-Schule,107007,Von-Moltke-Bogen,40,21035,Hamburg,gretel-bergmann-schule@bsb.hamburg.de,http://www.gretel-bergmann-schule.de,577343.417,5927066.552,staatl.,STS,STS,GTS ohne Träger,,2,1169,0,0,944,225,,1
577560.734,5945611.886,C_2015_Schulen_SekI.41,idcdff5f5a-5aef-4739-81f8-69396ee06ea9,64,5085,Stadtteilschule Walddörfer,73007,Vörn Barkholt,6,22359,Hamburg,stadtteilschule-walddoerfer@bsb.hamburg.de,http://www.stadtteilschule-walddoerfer.de/,577560.734,5945611.886,staatl.,STS,STS,GTS ohne Träger,,5,1255,0,0,896,359,,1
579887.992,5919656.80399999954,C_2015_Schulen_SekI.42,id5c43868c-4f3a-4574-85dd-36e742e5346c,65,5087,Stadtteilschule Kirchwerder,80002,Kirchwerder Hausdeich,341,21037,Hamburg,stadtteilschule-kirchwerder@bsb.hamburg.de,http://www.schule-kirchwerder.hamburg.de,579887.992,5919656.804,staatl.,STS,STS,GBS (immer mit Träger),,4,1077,20,111,781,165,PrSt,
567981.224,5938061.305,C_2015_Schulen_SekI.43,id2647b0ee-9336-46c3-a6cf-487924a1f926,66,5088,Stadtteilschule Winterhude,48025,Meerweinstraße,26,22303,Hamburg,stadtteilschule-winterhude@bsb.hamburg.de,http://www.sts-winterhude.de,567981.224,5938061.305,staatl.,STS,STS,GTS ohne Träger,,5,1074,26,269,574,205,PrSt,1
574863.311,5933170.94699999969,C_2015_Schulen_SekI.44,id25aad9fa-b21b-47e8-81f7-7b9f168bb505,67,5089,Stadtteilschule Öjendorf,12016,Pergamentweg,1,22117,Hamburg,stadtteilschule-oejendorf@bsb.hamburg.de,http://www.stadtteilschule-oejendorf.de,574863.311,5933170.947,staatl.,STS,STS,GTS ohne Träger,,1,618,0,0,584,34,,
564461.17,5938039.491,C_2015_Schulen_SekI.45,id957c3608-7c6b-4b29-9c5d-b3bff09ce68c,68,5090,Stadtteilschule Eppendorf,44001,Löwenstraße,58,20251,Hamburg,stadtteilschule-eppendorf@bsb.hamburg.de,http://www.gseppendorf.de,564461.17,5938039.491,staatl.,STS,STS,GTS ohne Träger,,4,951,13,180,758,0,PrSt,1
557560.146,5925785.446,C_2015_Schulen_SekI.46,id5a8ce0ca-0e61-45b9-9153-b35571dc80dd,69,5093,Stadtteilschule Süderelbe,101006,Neumoorstück,1,21147,Hamburg,stadtteilschule-suederelbe@bsb.hamburg.de,http://www.stadtteilschule-suederelbe.de,557560.146,5925785.446,staatl.,STS,STS,GTS ohne Träger,,2,850,0,0,748,102,,
580019.72,5929149.87399999984,C_2015_Schulen_SekI.47,id220a38e7-04e7-46b2-9f67-265871a8e5c6,70,5094,Stadtteilschule Lohbrügge,75006,Binnenfeldredder,7,21031,Hamburg,stadtteilschule-lohbruegge@bsb.hamburg.de,http://www.stadtteilschule-lohbruegge.hamburg.de,580019.72,5929149.874,staatl.,STS,STS,GTS ohne Träger,,3,1093,0,0,901,192,,1
565656.761,5928968.768,C_2015_Schulen_SekI.48,id04d427e2-3782-4dc9-9d89-80b0c725de76,71,5095,Stadtteilschule Wilhelmsburg,16013,Perlstieg,1,21107,Hamburg,stadtteilschule-wilhelmsburg@bsb.hamburg.de,http://www.stadtteilschule-wilhelmsburg.hamburg.de,565656.761,5928968.768,staatl.,STS,STS,GTS ohne Träger,,1,1155,51,287,817,0,PrSt,
573059.09,5934721.91399999987,C_2015_Schulen_SekI.49,idded6058f-2fb6-4c69-96e8-ab474af200d2,72,5097,Brüder-Grimm-Schule,11011,Steinadlerweg,26,22119,Hamburg,brueder-grimm-schule@bsb.hamburg.de,http://brueder-grimm.schulhomepages.hamburg.de/,573059.09,5934721.914,staatl.,STS,STS,GTS ohne Träger,,2,905,18,241,646,0,PrSt,
577002.956,5942886.017,C_2015_Schulen_SekI.50,id961ccee6-7f9f-4263-952f-c2a44eb140f4,73,5098,Stadtteilschule Meiendorf,74007,Deepenhorn,1,22145,Hamburg,stadtteilschule-meiendorf@bsb.hamburg.de,http://www.sts-meiendorf.hamburg.de,577002.956,5942886.017,staatl.,STS,STS,GTS ohne Träger,,4,403,0,0,403,0,,
567604.556,5931365.483,C_2015_Schulen_SekI.51,id855ab5d6-086d-476d-a0fc-cf56d64fd41d,74,5099,Schule auf der Veddel,15001,Slomanstieg,1,20539,Hamburg,schule-auf-der-veddel@bsb.hamburg.de,http://www.schule-auf-der-veddel.hamburg.de,567604.556,5931365.483,staatl.,STS,STS,GTS ohne Träger,,1,458,20,208,230,0,PrSt,
568912.07,5932348.677,C_2015_Schulen_SekI.52,id4ebafdb0-dae7-42e4-b18d-ba28ff379e40,86,5121,Schule Marckmannstraße,14003,Marckmannstraße,60,20539,Hamburg,Schule-Marckmannstrasse@bsb.hamburg.de,http://www.schule-marckmannstrasse.de/,568912.07,5932348.677,staatl.,SO,SO,GTS ohne Träger,,-1,95,0,36,46,13,PrSt,
559558.346,5934149.774,C_2015_Schulen_SekI.53,id9311d3a1-b478-4492-9db7-6ccf84db8b98,95,5145,Elbschule Bildungszentrum Hören und Kommunikation,27008,Holmbrook,20,22605,Hamburg,elbschule@bsb.hamburg.de,http://www.elbschule.hamburg.de,559558.346,5934149.774,staatl.,SO,SO,GTS ohne Träger,,-1,209,4,74,131,0,PrSt,
574179.943,5932641.21399999969,C_2015_Schulen_SekI.54,id34513389-3361-4485-8896-327adbe417bf,101,5172,Schule am Schleemer Park,12019,Oberschleems,9,22117,Hamburg,schule-am-schleemer-park@bsb.hamburg.de,http://www.schuleamschleemerpark.hamburg.de,574179.943,5932641.214,staatl.,G,G,GBS (immer mit Träger),,1,455,54,383,18,0,PrSt,
559640.766,5934041.286,C_2015_Schulen_SekI.55,id908c0567-e5c6-4da2-a6dc-54fef2431d1b,116,5219,Schule Hirtenweg,27008,Holmbrook,10,22605,Hamburg,schule-hirtenweg@bsb.hamburg.de,http://www.schule-hirtenweg.hamburg.de,559640.766,5934041.286,staatl.,SO,SO,GTS ohne Träger,,-1,191,0,49,130,12,PrSt,
559555.826,5936430.35699999984,C_2015_Schulen_SekI.56,id9c881a8b-f8b5-40aa-a30a-37dc1bf4b540,129,5245,Schule Kielkamp,25001,Kielkamp,16,22761,Hamburg,schule-kielkamp@bsb.hamburg.de,http://www.schule-kielkamp.Hamburg.de,559555.826,5936430.357,staatl.,SO,SO,GTS ohne Träger,,-1,132,0,48,77,7,PrSt,
562401.068,5936554.915,C_2015_Schulen_SekI.57,id31fd340f-20a6-4240-b2b5-383178b87207,149,5312,Schule Rellinger Straße,35012,Rellinger Straße,13,20257,Hamburg,schule-rellinger-strasse@bsb.hamburg.de,http://www.schule-rellinger-strasse.de,562401.068,5936554.915,staatl.,G,G,GTS ohne Träger,,5,392,26,260,106,0,PrSt,
562925.745,5938173.944,C_2015_Schulen_SekI.58,ida2700807-25fe-4655-a4e3-a0415a7502ab,162,5344,Schule Vizelinstraße,39007,Vizelinstraße,50,22529,Hamburg,schule-vizelinstrasse@bsb.hamburg.de,http://www.schule-vizelinstrasse.hamburg.de,562925.745,5938173.944,staatl.,G,G,GTS ohne Träger,,1,295,34,205,56,0,PrSt,
564296.469,5940259.17899999954,C_2015_Schulen_SekI.59,id960790ba-5557-4561-b2d7-005bc5635629,164,5346,Schule Lokstedter Damm,46004,Lokstedter Damm,38,22453,Hamburg,Schule-Lokstedter-Damm@bsb.hamburg.de,,564296.469,5940259.179,staatl.,SO,SO,GTS ohne Träger,,-1,103,0,29,59,15,PrSt,
563523.216,5934881.00299999956,C_2015_Schulen_SekI.60,id4d9b2db7-74a0-4278-a0ff-1b5aa76a49b9,168,5350,ReBBZ Altona,21002,Sommerhuder Straße,18,22767,Hamburg,rebbz-altona-bildung-bernstorffstrasse@bsb.hamburg.de,,563523.216,5934881.003,staatl.,SO,SO,GTS ohne Träger,,-1,166,3,58,105,0,PrSt,
557052.044,5938519.418,C_2015_Schulen_SekI.61,id61695f1c-633b-4a88-9e62-aa2c543b3048,169,5351,ReBBZ Altona-West,28009,Böttcherkamp,144,22549,Hamburg,rebbz-altona-west-bildung@bsb.hamburg.de,,557052.044,5938519.418,staatl.,SO,SO,GTS ohne Träger,,-1,109,0,13,96,0,PrSt,
580067.619,5928135.805,C_2015_Schulen_SekI.62,idf916e59c-f192-497b-b8b0-68d9d4de3ea0,170,5352,ReBBZ Bergedorf,75015,Billwerder Billdeich,648 a,21031,Hamburg,ReBBZ-bergedorf-bildung-leuschnerstrasse@bsb.hamburg.de,,580067.619,5928135.805,staatl.,SO,SO,GBS (immer mit Träger),,-1,218,12,106,100,0,PrSt,
562615.127,5941987.227,C_2015_Schulen_SekI.63,id3cfb426f-bbe4-44e0-855c-728beaa4fd60,171,5353,ReBBZ Eimsbüttel,40016,Bindfeldweg,37,22459,Hamburg,rebbz-eimsbuettel-bildung-bindfeldweg@bsb.hamburg.de,,562615.127,5941987.227,staatl.,SO,SO,GTS ohne Träger,,-1,93,0,32,61,0,PrSt,
557308.379,5925643.29399999976,C_2015_Schulen_SekI.64,id7725f797-0eda-4d56-9fd1-9a4ffdad119a,172,5354,ReBBZ Süderelbe,101007,Neumoorstück,2,21147,Hamburg,rebbz-suederelbe-bildung@bsb.hamburg.de,http://www.frieda-stoppenbrink-schule.de,557308.379,5925643.294,staatl.,SO,SO,GTS-Übergang,,-1,103,0,2,101,0,PrSt,
564679.619,5923237.97,C_2015_Schulen_SekI.65,id96dc8bf0-787a-466e-84cc-3a66b4ed0bb1,173,5355,ReBBZ Harburg,96005,Kapellenweg,63,21073,Hamburg,rebbz-harburg-bildung-baererstrasse@bsb.hamburg.de,,564679.619,5923237.97,staatl.,SO,SO,GBS (immer mit Träger),,-1,305,10,94,201,0,PrSt,
572969.798,5933673.39599999972,C_2015_Schulen_SekI.66,id6dbf505c-1365-4a24-9272-562c508cbfd1,174,5356,ReBBZ Billstedt,12007,Steinfeldtstraße,1,22119,Hamburg,rebbz-billstedt-bildung@bsb.hamburg.de,,572969.798,5933673.396,staatl.,SO,SO,GTS ohne Träger,,-1,186,0,55,131,0,PrSt,
567217.172,5928532.137,C_2015_Schulen_SekI.67,id31a579fc-790d-43fc-b7a0-69310d2b4df1,175,5357,ReBBZ Wilhelmsburg,16017,Krieterstraße,2 a,21109,Hamburg,rebbz-wilhelmsburg-bildung-krieterstrasse@bsb.hamburg.de,,567217.172,5928532.137,staatl.,SO,SO,GTS ohne Träger,,-1,301,11,131,159,0,PrSt,
569606.81,5934389.795,C_2015_Schulen_SekI.68,id3a4d7516-3b82-4b8d-9db2-ae2708265b69,176,5358,ReBBZ Mitte,9002,Laeiszstraße,12,20537,Hamburg,rebbz-mitte-bildung@bsb.hamburg.de,,569606.81,5934389.795,staatl.,SO,SO,GTS ohne Träger,,-1,154,0,50,104,0,PrSt,
567213.374,5942382.47599999979,C_2015_Schulen_SekI.69,idaea21eef-a0d6-4e59-84ce-a280b7af4e3c,177,5359,ReBBZ Winterhude,55008,Winterhuder Weg,11,22335,Hamburg,rebbz-winterhude-bildung-eschenweg@bsb.hamburg.de,http://www.hamburg.de/rebbz-winterhude,567213.374,5942382.476,staatl.,SO,SO,GBS (immer mit Träger),,-1,154,8,82,64,0,PrSt,
567477.365,5941119.105,C_2015_Schulen_SekI.70,idf4b2f240-a28a-45b8-b94f-3553480172f4,178,5360,ReBBZ Nord,47003,Sengelmannstraße,50,22297,Hamburg,rebbz-nord-bildung@bsb.hamburg.de,,567477.365,5941119.105,staatl.,SO,SO,GTS ohne Träger,,-1,125,0,26,99,0,PrSt,
572255.363,5942260.057,C_2015_Schulen_SekI.71,idb2635229-6225-49e1-a871-93de260c95da,179,5361,ReBBZ Wandsbek-Nord,63008,Wildschwanbrook,9,22175,Hamburg,rebbz-wandsbek-nord-bildung-hohnerkamp@bsb.hamburg.de,,572255.363,5942260.057,staatl.,SO,SO,GTS ohne Träger,,-1,242,0,41,201,0,PrSt,
571134.723,5935369.668,C_2015_Schulen_SekI.72,id9c6c6fbb-6369-4984-bc9e-a074073ef5f8,180,5362,ReBBZ Wandsbek-Süd,59002,Hammer Straße,124,22043,Hamburg,rebbz-wandsbek-sued-bildung-zitzewitzstr@bsb.hamburg.de,,571134.723,5935369.668,staatl.,SO,SO,GTS ohne Träger,,-1,389,0,104,285,0,PrSt,
567514.333,5941055.438,C_2015_Schulen_SekI.73,id9e1a0f18-fd95-4043-a42a-f2f0966cc615,187,5417,Kurt-Juster-Schule,47006,Alsterdorfer Straße,420,22297,Hamburg,kurt-juster-schule@bsb.hamburg.de,http://www.kurt-juster-schule.hamburg.de/,567514.333,5941055.438,staatl.,SO,SO,GTS ohne Träger,,-1,82,0,31,44,7,PrSt,
567192.515,5938528.258,C_2015_Schulen_SekI.74,idb285cad0-d5f0-4130-b3dc-92f88551000c,188,5418,Bildungszentrum für Blinde und Sehbehinderte,48011,Carl-Cohn-Straße,2,22303,Hamburg,bzbs-hamburg@bsb.hamburg.de,http://www.bzbs-hamburg.de,567192.515,5938528.258,staatl.,SO,SO,GTS ohne Träger,,-1,146,0,35,89,22,PrSt,
573337.268,5939726.991,C_2015_Schulen_SekI.75,idf5ab340e-e93b-40c9-b3cc-4ddb44e2e5ae,189,5419,Schule Tegelweg,62011,Turnierstieg,16,22159,Hamburg,schule-tegelweg@bsb.hamburg.de,http://www.schule-tegelweg.de/,573337.268,5939726.991,staatl.,SO,SO,GTS ohne Träger,,-1,136,0,32,89,15,PrSt,
575208.294,5939358.334,C_2015_Schulen_SekI.76,id23ad884a-a55f-4e79-91b2-368672f3366a,193,5447,Schule Paracelsusstraße,74021,Paracelsusstraße,30,22147,Hamburg,schule-paracelsusstrasse@bsb.hamburg.de,http://www.para.schule-hamburg.de/,575208.294,5939358.334,staatl.,SO,SO,GTS ohne Träger,,-1,101,0,36,49,16,PrSt,
575659.519,5936865.644,C_2015_Schulen_SekI.77,idefd552eb-07a0-4565-bfef-65917d70246f,212,5515,Schule Bekkamp,60008,Bekkamp,52,22045,Hamburg,schule-bekkamp@bsb.hamburg.de,http://www.schule-bekkamp.de,575659.519,5936865.644,staatl.,SO,SO,GTS ohne Träger,,-1,124,0,35,63,26,PrSt,
573206.678,5941163.91299999971,C_2015_Schulen_SekI.78,idefb8d2b7-b4ea-447c-9c80-259eba8ad8f8,235,5565,Schule Surenland,62007,Bramfelder Weg,121,22159,Hamburg,schule-surenland@bsb.hamburg.de,http://www.surenland.de,573206.678,5941163.913,staatl.,G,G,GTS ohne Träger,,3,296,36,201,59,0,PrSt,
576924.861,5929920.28299999982,C_2015_Schulen_SekI.79,id77f28515-6edc-47db-912c-f05d97d37b94,254,5613,Schule Weidemoor,75001,Weidemoor,1,21033,Hamburg,schule-weidemoor@bsb.hamburg.de,http://www.weidemoor.hamburg.de,576924.861,5929920.283,staatl.,SO,SO,GTS ohne Träger,,-1,145,0,47,79,19,PrSt,
549815.867,5937102.11199999973,C_2015_Schulen_SekI.80,id6835fc37-601d-4f96-aa27-c171ff93f6d0,264,5649,Stadtteilschule Rissen,34005,Voßhagen,15,22559,Hamburg,stadtteilschule-rissen@bsb.hamburg.de,http://www.stadtteilschule-rissen.de,549815.867,5937102.112,staatl.,STS,STS,GTS-Übergang,,4,464,0,0,425,39,,
576236.525,5938955.142,C_2015_Schulen_SekI.81,id8dbec48c-54bf-4309-a9b9-8842177e040c,265,5650,Stadtteilschule Altrahlstedt,74029,Kielkoppelstraße,16 d,22149,Hamburg,stadtteilschule-altrahlstedt@bsb.hamburg.de,http://www.stadtteilschule-altrahlstedt-hamburg.de,576236.525,5938955.142,staatl.,STS,STS,GTS ohne Träger,,2,790,0,0,668,122,,
563189.01,5923391.831,C_2015_Schulen_SekI.82,ide6206fc6-eafd-4f45-ac09-dc25820bb62c,266,5651,Stadtteilschule Ehestorfer Weg,96001,Ehestorfer Weg,14,21075,Hamburg,stadtteilschule-ehestorfer-weg@bsb.hamburg.de,http://www.schule-ehestorferweg.de,563189.01,5923391.831,staatl.,STS,STS,GTS ohne Träger,,2,737,0,0,607,130,,
562686.131,5935725.89699999988,C_2015_Schulen_SekI.83,idef2691e7-5088-4a58-847b-21b524f55051,267,5654,Kurt-Tucholsky-Schule,23004,Eckernförder Straße,70,22769,Hamburg,kurt-tucholsky-schule@bsb.hamburg.de,http://www.tucholsky-schule.de,562686.131,5935725.897,staatl.,STS,STS,GTS ohne Träger,,2,690,0,0,558,132,,
562293.699,5937733.68599999975,C_2015_Schulen_SekI.84,id3176b6ea-8a46-4467-983a-2da258010c3d,268,5655,Stadtteilschule Stellingen,43013,Sportplatzring,73,22527,Hamburg,stadtteilschule-stellingen@bsb.hamburg.de,http://www.stadtteilschule-stellingen.de,562293.699,5937733.686,staatl.,STS,STS,GTS ohne Träger,,3,986,0,0,739,247,,
571286.912,5941130.284,C_2015_Schulen_SekI.85,idad46f275-e612-4ed5-8c00-f3a6b6a3afb5,269,5656,Stadtteilschule Bramfeld,63012,Hegholt,44,22179,Hamburg,stadtteilschule-bramfeld@bsb.hamburg.de,http://www.stadtteilschule-bramfeld.de,571286.912,5941130.284,staatl.,STS,STS,GTS ohne Träger,,3,706,0,0,636,70,,
578830.655,5928638.454,C_2015_Schulen_SekI.86,id3ec28b97-9e11-430e-b60f-4bceaf0363d3,270,5657,Stadtteilschule Richard-Linde-Weg,75014,Richard-Linde-Weg,49,21033,Hamburg,stadtteilschule-richard-linde-weg@bsb.hamburg.de,http://www.richard-linde-weg.de,578830.655,5928638.454,staatl.,STS,STS,GTS ohne Träger,,2,793,0,0,644,149,,
567328.892,5926489.87799999956,C_2015_Schulen_SekI.87,idd73addc3-569a-40f6-8cae-1dfd7c1553e8,271,5658,Stadtteilschule Stübenhofer Weg,16023,Stübenhofer Weg,20,21109,Hamburg,stadtteilschule-stuebenhofer-weg@bsb.hamburg.de,http://www.stuebenhofer-weg.de/,567328.892,5926489.878,staatl.,STS,STS,GTS ohne Träger,,2,686,0,0,674,12,,
556254.798,5936124.65,C_2015_Schulen_SekI.88,idba1c20fe-356c-41cd-9d8f-40d2c9a71463,272,5659,Stadtteilschule Flottbek,29010,Goosacker,41,22549,Hamburg,stadtteilschule-goosacker@bsb.hamburg.de,http://stadtteilschule-goosacker.de,556254.798,5936124.65,staatl.,STS,STS,GTS ohne Träger,,3,463,0,0,411,52,,
576611.719,5941048.795,C_2015_Schulen_SekI.89,id968deeb4-d447-430e-b6d3-ab38109be160,273,5660,Stadtteilschule Oldenfelde,74018,Delingsdorfer Weg,6,22143,Hamburg,stadtteilschule-oldenfelde@bsb.hamburg.de,http://www.sts-oldenfelde.de,576611.719,5941048.795,staatl.,STS,STS,GTS ohne Träger,,3,782,0,0,668,114,,
557784.524,5938323.456,C_2015_Schulen_SekI.90,id6a1bcc51-96b3-43ae-b364-392ca43a46d7,274,5661,Stadtteilschule Lurup,28010,Veermoor,4,22547,Hamburg,stadtteilschule-lurup@bsb.hamburg.de,http://www.stadtteilschule-lurup.de,557784.524,5938323.456,staatl.,STS,STS,GTS ohne Träger,,2,902,0,0,746,156,,1
569986.416,5937402.56599999964,C_2015_Schulen_SekI.91,id25b69576-aab2-4f1f-bc6b-abb0743edbaf,275,5662,Stadtteilschule Barmbek,52002,Tieloh,28,22049,Hamburg,stadtteilschule-barmbek@bsb.hamburg.de,http://www.stadtteilschule-barmbek.hamburg.de,569986.416,5937402.566,staatl.,STS,STS,GTS ohne Träger,,2,1129,0,0,782,347,,
567369.159,5934833.71,C_2015_Schulen_SekI.92,id2f1fb2d9-4cbe-4730-b25c-3a5c74de916b,276,5663,Stadtteilschule Hamburg-Mitte,5005,Griesstraße,101,20099,Hamburg,stadtteilschule-hamburg-mitte@bsb.hamburg.de,http://www.stadtteilschule-hamburg-mitte.de,567369.159,5934833.71,staatl.,STS,STS,GTS ohne Träger,,2,1084,0,0,877,207,,1
564820.264,5924200.21899999958,C_2015_Schulen_SekI.93,id85dc454f-9a74-4b93-90c4-f40a7db39af2,277,5664,Lessing-Stadtteilschule,88001,Am Soldatenfriedhof,21,21073,Hamburg,lessing-stadtteilschule@bsb.hamburg.de,http://www.lessing-stadtteilschule-hamburg.de,564820.264,5924200.219,staatl.,STS,STS,GTS ohne Träger,,3,820,0,0,582,238,,
562948.593,5943165.812,C_2015_Schulen_SekI.94,idc25db834-2eec-40f5-a77c-3986b527c953,278,5665,Stadtteilschule Niendorf,40011,Sachsenweg,74,22455,Hamburg,stadtteilschule-niendorf@bsb.hamburg.de,http://www.stadtteilschule-niendorf.de,562948.593,5943165.812,staatl.,STS,STS,GTS ohne Träger,,5,1043,0,0,855,188,,1
564967.577,5934315.428,C_2015_Schulen_SekI.95,id8a368099-c808-4964-87f2-5960a7409138,279,5667,Stadtteilschule Am Hafen,3007,Struenseestraße,20,20355,Hamburg,stadtteilschule-am-hafen@bsb.hamburg.de,http://www.schule-am-hafen.eu,564967.577,5934315.428,staatl.,STS,STS,GTS ohne Träger,,1,1177,0,0,964,213,,1
555462.889,5925311.62799999956,C_2015_Schulen_SekI.96,ide31bf9c6-f99a-4eaf-92d3-f3893e62e56f,281,5669,Stadtteilschule Fischbek/Falkenberg,101010,Heidrand,5,21149,Hamburg,stadtteilschule-fischbek-falkenberg@bsb.hamburg.de,http://www.stadtteilschule-fischbek-falkenberg.de,555462.889,5925311.628,staatl.,STS,STS,GBS (immer mit Träger),,4,1545,23,237,1025,260,PrSt,1
574557.902,5937424.019,C_2015_Schulen_SekI.97,id9d18faea-ef5c-4104-94f3-9d1db39b2385,282,5670,Otto-Hahn-Schule,60005,Jenfelder Allee,53,22043,Hamburg,otto-hahn-schule@bsb.hamburg.de,http://www.otto-hahn-schule.hamburg.de,574557.902,5937424.019,staatl.,STS,STS,GTS ohne Träger,,2,1387,0,0,960,427,,1
565220.016,5923192.649,C_2015_Schulen_SekI.98,idb196be6b-b18b-4c6e-8956-d2f6681ab17a,284,5703,Schule Maretstraße,88008,Maretstraße,50,21073,Hamburg,schule-maretstrasse@bsb.hamburg.de,http://www.maretstrasse.de,565220.016,5923192.649,staatl.,STS,STS,GTS ohne Träger,,1,777,55,277,445,0,PrSt,
563412.387,5924820.41399999987,C_2015_Schulen_SekI.99,idb7b27c18-3b6e-4aad-9f48-0a693a9b7f59,285,5704,Schule Grumbrechtstraße,97008,Grumbrechtstraße,63,21075,Hamburg,Schule-Grumbrechtstrasse@bsb.hamburg.de,http://www.schule-grumbrechtstrasse.de,563412.387,5924820.414,staatl.,G,G,GTS ohne Träger,,2,536,59,372,105,0,PrSt,
564464.96,5921641.048,C_2015_Schulen_SekI.100,idc4e3df84-cf20-49f3-b122-6c1499347500,294,5722,Schule Elfenwiese,95004,Elfenwiese,3,21077,Hamburg,Schule-Elfenwiese@bsb.hamburg.de,http://www.schule-elfenwiese.hamburg.de,564464.96,5921641.048,staatl.,SO,SO,GTS ohne Träger,,-1,189,0,60,123,6,PrSt,
564497.741,5921827.917,C_2015_Schulen_SekI.101,ida29961fc-f52b-4e32-99b7-ad1a6c4b4311,295,5723,Schule Nymphenweg,95004,Hausbrucher Bahnhofstraße,19,21077,Hamburg,Schule-Nymphenweg@bsb.hamburg.de,http://www.schule-nymphenweg.hamburg.de,564497.741,5921827.917,staatl.,SO,SO,GTS ohne Träger,,-1,95,0,34,53,8,PrSt,
567940.718,5926911.96499999985,C_2015_Schulen_SekI.102,id2b7401fa-958b-49b0-999b-9e15668a1c96,307,5773,Schule an der Burgweide,16018,Karl-Arnold-Ring,13,21109,Hamburg,schule-an-der-burgweide@bsb.hamburg.de,http://www.burgweide.de,567940.718,5926911.965,staatl.,G,G,GTS ohne Träger,,1,265,22,173,70,0,PrSt,
574284.018,5933056.723,C_2015_Schulen_SekI.103,id6545cd71-5176-44df-b728-bf6dc8ec84a6,308,5800,Kurt-Körber-Gymnasium,12015,Pergamentweg,1,22117,Hamburg,Kurt-Koerber-Gymnasium@bsb.hamburg.de,http://www.kurt-koerber-gymnasium.de,574284.018,5933056.723,staatl.,GY,GY,GTS ohne Träger,,2,512,0,0,421,91,,
564068.318,5924430.904,C_2015_Schulen_SekI.104,id9dfd7713-fd92-4916-83eb-6884afee4883,309,5801,Friedrich-Ebert-Gymnasium,97009,Alter Postweg,30,21075,Hamburg,Friedrich-Ebert-Gymnasium@bsb.hamburg.de,http://www.ebert-gymnasium.de,564068.318,5924430.904,staatl.,GY,GY,GTS ohne Träger,,5,732,0,0,586,146,,
571042.823,5936548.139,C_2015_Schulen_SekI.105,id222c633c-2c6c-42ac-a26d-72390200afc6,310,5802,Matthias-Claudius-Gymnasium,58012,Witthöfftstraße,8,22041,Hamburg,matthias-claudius-gymnasium@bsb.hamburg.de,http://www.matthias-claudius-gymnasium.de,571042.823,5936548.139,staatl.,GY,GY,GTS ohne Träger,,4,888,0,0,681,207,,
557350.674,5924912.94099999964,C_2015_Schulen_SekI.106,id47f635fd-c9a9-4ad6-8534-02d4cfa237e5,311,5803,Gymnasium Süderelbe,101011,Falkenbergsweg,5,21149,Hamburg,gymnasium-suederelbe@bsb.hamburg.de,http://www.gymnasium-suederelbe.de,557350.674,5924912.941,staatl.,GY,GY,GTS ohne Träger,,5,964,0,0,744,220,,
567228.68,5928346.49799999967,C_2015_Schulen_SekI.107,id6779c5b9-e618-4d60-b742-4ef4f3b65986,312,5807,Helmut-Schmidt-Gymnasium,16011,Krieterstraße,5,21109,Hamburg,helmut-schmidt-gymnasium@bsb.hamburg.de,http://www.helmut-schmidt-gymnasium.de,567228.68,5928346.498,staatl.,GY,GY,GTS ohne Träger,,2,796,0,0,626,170,,
549815.867,5937102.11199999973,C_2015_Schulen_SekI.108,idd8f277af-fb6d-4fe6-bf4a-7b4ffa5abf22,313,5809,Gymnasium Rissen,34005,Voßhagen,15,22559,Hamburg,gymnasium-rissen@bsb.hamburg.de,http://www.gyri.de,549815.867,5937102.112,staatl.,GY,GY,GTS ohne Träger,,6,598,0,0,452,146,,
568206.79,5942635.676,C_2015_Schulen_SekI.109,id1521088b-dc98-4346-8619-42e3de0b13d2,314,5810,Albert-Schweitzer-Gymnasium,54005,Struckholt,27,22337,Hamburg,albert-schweitzer-gymnasium@bsb.hamburg.de,http://www.asg-hh.de,568206.79,5942635.676,staatl.,GY,GY,GTS ohne Träger,,6,1002,0,0,760,242,,
567351.947,5943143.188,C_2015_Schulen_SekI.110,id684cbebc-32b7-44ec-af67-b72d02e19fd4,315,5811,Gymnasium Alstertal,55003,Erdkampsweg,89,22335,Hamburg,gymnasium-alstertal@bsb.hamburg.de,http://www.gymnasium-alstertal.hamburg.de,567351.947,5943143.188,staatl.,GY,GY,GTS ohne Träger,,5,455,0,0,366,89,,
576063.504,5946812.684,C_2015_Schulen_SekI.111,id86240ffa-c7fa-4283-a561-3c2c1d718d5d,316,5812,Gymnasium Buckhorn,73001,Im Regestall,25,22359,Hamburg,Gymnasium-Buckhorn@bsb.hamburg.de,http://www.buckhorn.de/,576063.504,5946812.684,staatl.,GY,GY,GTS ohne Träger,,6,1084,0,0,844,240,,
557903.629,5934707.313,C_2015_Schulen_SekI.112,id34516ea5-be27-415e-8411-f885b6eb18a2,317,5813,Christianeum,27001,Otto-Ernst-Straße,34,22605,Hamburg,christianeum@bsb.hamburg.de,http://www.christianeum.org,557903.629,5934707.313,staatl.,GY,GY,GTS ohne Träger,,6,1015,0,0,734,281,,
562690.784,5923546.074,C_2015_Schulen_SekI.113,idcbbf0300-e8af-467c-8b1e-f7650df9e30d,318,5814,Heisenberg-Gymnasium,96001,Triftstraße,43,21075,Hamburg,Heisenberg-Gymnasium@bsb.hamburg.de,http://www.heisenberg-gymnasium-hamburg.de,562690.784,5923546.074,staatl.,GY,GY,GTS ohne Träger,,5,728,0,0,572,156,,
577688.739,5945433.78899999987,C_2015_Schulen_SekI.114,id9a6e023f-82d9-4c36-8210-e061b46b09bd,319,5816,Walddörfer-Gymnasium,73007,Im Allhorn,45,22359,Hamburg,walddoerfer-gymnasium@bsb.hamburg.de,http://www.wdg-hamburg.de,577688.739,5945433.789,staatl.,GY,GY,GTS ohne Träger,,6,1015,0,0,744,271,,
567369.159,5934833.71,C_2015_Schulen_SekI.115,idc6a69f6f-9931-4695-a8c5-ac43f4634790,320,5818,Abendschule St. Georg,5005,Rostocker Straße,41,20099,Hamburg,Staatliches-Abendgymnasium-St-Georg@bsb.hamburg.de,"http://www.hh.schule.de/abg-stgeorg, www.agstgeorg.de",567369.159,5934833.71,staatl.,ErwBi,ErwBi,unbekannt,,-1,557,0,0,234,323,,
564721.606,5934793.898,C_2015_Schulen_SekI.116,id6ba8ae57-c71c-4b18-b05c-05101449e661,321,5819,Abendschule Vor dem Holstentor,4003,Holstenglacis,6,20355,Hamburg,staatliches-abendgymnasium-holstentor@bsb.hamburg.de,http://www.as-holstentor.de,564721.606,5934793.898,staatl.,ErwBi,ErwBi,unbekannt,,-1,665,0,0,323,342,,
571638.658,5940984.423,C_2015_Schulen_SekI.117,id07ca8f4b-3183-406a-8a49-7b47d56e87b2,324,5822,Johannes-Brahms-Gymnasium,63012,Höhnkoppelort,24,22179,Hamburg,Johannes-Brahms-Gymnasium@bsb.hamburg.de,http://www.johannes-brahms-gymnasium.de,571638.658,5940984.423,staatl.,GY,GY,GTS ohne Träger,,4,666,0,0,538,128,,
564146.353,5939097.559,C_2015_Schulen_SekI.118,id23efe2d7-12d9-4f59-855c-2b92c68ecaf8,325,5823,Gymnasium Corveystraße,39009,Corveystraße,6,22529,Hamburg,gymnasium-corveystrasse@bsb.hamburg.de,http://www.corvey.hamburg.de,564146.353,5939097.559,staatl.,GY,GY,GTS ohne Träger,,5,740,0,0,582,158,,
559066.188,5939220.89499999955,C_2015_Schulen_SekI.119,id66e56341-4791-40f9-a6cb-4ec350285084,326,5824,Goethe-Gymnasium,28006,Rispenweg,28,22547,Hamburg,goethe-gymnasium@bsb.hamburg.de,http://www.goethe-hamburg.de,559066.188,5939220.895,staatl.,GY,GY,GTS ohne Träger,,4,825,0,0,660,165,,
556727.849,5936361.031,C_2015_Schulen_SekI.120,id2886ed59-0c2c-4303-86e8-947a4623204a,327,5825,Lise-Meitner-Gymnasium,29008,Knabeweg,3,22549,Hamburg,lise-meitner-gymnasium@bsb.hamburg.de,http://www.hh.schule.de/lmg,556727.849,5936361.031,staatl.,GY,GY,GTS ohne Träger,,4,797,0,0,627,170,,
563488.104,5944128.951,C_2015_Schulen_SekI.121,idad0135da-4c0d-4e81-b5d9-fdc49e52a784,328,5829,Gymnasium Ohmoor,40003,Sachsenweg,76,22455,Hamburg,Gymnasium-Ohmoor@bsb.hamburg.de,http://www.gymnasium-ohmoor.de,563488.104,5944128.951,staatl.,GY,GY,GTS ohne Träger,,6,1248,0,0,922,326,,
560716.686,5934036.97,C_2015_Schulen_SekI.122,idcb94ab36-c686-4146-8eaa-f5a692e2be10,329,5830,Gymnasium Altona,24006,Bleickenallee,5,22763,Hamburg,Gymnasium-Altona@bsb.hamburg.de,http://www.gymaltona.de,560716.686,5934036.97,staatl.,GY,GY,GTS ohne Träger,,5,1016,0,0,788,228,,
553502.031,5935173.119,C_2015_Schulen_SekI.123,id63cbc282-a736-4239-92a7-b78fd755b063,330,5831,Gymnasium Blankenese,31004,Oesterleystraße,27,22587,Hamburg,gymnasium-blankenese@bsb.hamburg.de,http://www.gymnasium-blankenese.de,553502.031,5935173.119,staatl.,GY,GY,GTS ohne Träger,,6,1014,0,0,762,252,,
576511.488,5926937.786,C_2015_Schulen_SekI.124,idaad8d86b-17ba-4b69-9e50-18b333be6e84,331,5832,Gymnasium Allermöhe,107002,Walter-Rothenburg-Weg,41,21035,Hamburg,Gymnasium-Allermoehe@bsb.hamburg.de,http://www.gymnasium-allermoehe.de,576511.488,5926937.786,staatl.,GY,GY,GTS ohne Träger,,4,676,0,0,510,166,,
569003.564,5939445.911,C_2015_Schulen_SekI.125,iddb1f4fca-2e5a-463f-a3d4-e569ccea9107,332,5834,Margaretha-Rothe-Gymnasium,53005,Langenfort,5,22307,Hamburg,margaretha-rothe-gymnasium@bsb.hamburg.de,http://www.mrg-online.de,569003.564,5939445.911,staatl.,GY,GY,GTS ohne Träger,,4,803,0,0,639,164,,
568111.889,5947293.07699999958,C_2015_Schulen_SekI.126,id6a7f0da5-571e-4f24-af45-f2b5e2a90ab4,333,5835,Gymnasium Heidberg,56009,Fritz-Schumacher-Allee,200,22417,Hamburg,gymnasium-heidberg@bsb.hamburg.de,http://www.gymnasium-heidberg.de/,568111.889,5947293.077,staatl.,GY,GY,GTS ohne Träger,,5,892,0,0,665,227,,
576711.098,5940824.082,C_2015_Schulen_SekI.127,idf7364649-657b-4d78-a7d6-228b0608e7d2,334,5837,Gymnasium Oldenfelde,74018,Birrenkovenallee,12,22143,Hamburg,gymnasium-oldenfelde@bsb.hamburg.de,http://www.gym-old.de,576711.098,5940824.082,staatl.,GY,GY,GTS ohne Träger,,5,866,0,0,641,225,,
579213.498,5929432.025,C_2015_Schulen_SekI.128,ide80ed982-50bc-45d9-bda0-c6c114d4493e,335,5838,Gymnasium Bornbrook,75005,Schulenburgring,4,21031,Hamburg,gymnasium-bornbrook@bsb.hamburg.de,http://www.gymnasium-bornbrook.de,579213.498,5929432.025,staatl.,GY,GY,GTS ohne Träger,,4,939,0,0,729,210,,
564248.594,5920715.82199999969,C_2015_Schulen_SekI.129,id680c3db6-46d7-415a-bcdd-5c068ae231ec,336,5839,Immanuel-Kant-Gymnasium,95003,Am Pavillon,15,21077,Hamburg,Immanuel-Kant-Gymnasium@bsb.hamburg.de,http://www.immanuel-kant-gymnasium.de,564248.594,5920715.822,staatl.,GY,GY,GTS ohne Träger,,5,592,0,0,428,164,,
565984.86,5921542.989,C_2015_Schulen_SekI.130,id194cddae-911f-4c52-8de6-985b81fe54e8,337,5840,Alexander-von-Humboldt-Gymnasium,91007,Rönneburger Straße,50,21079,Hamburg,alexander-von-humboldt-gymnasium@bsb.hamburg.de,http://www.avh.hamburg.de,565984.86,5921542.989,staatl.,GY,GY,GTS ohne Träger,,5,749,0,0,567,182,,
553432.091,5936141.028,C_2015_Schulen_SekI.131,id42cf92ba-f2c5-4c6e-985d-496cd5214707,338,5841,Marion Dönhoff Gymnasium,31003,Willhöden,74,22587,Hamburg,marion-doenhoff-gymnasium@bsb.hamburg.de,http://www.marion-doenhoff-gymnasium.de,553432.091,5936141.028,staatl.,GY,GY,GTS ohne Träger,,6,827,0,0,676,151,,
563766.741,5937529.166,C_2015_Schulen_SekI.132,id7a8e063a-8794-48ab-80d2-6490d1d79075,339,5842,Gymnasium Hoheluft,38001,Christian-Förster-Straße,19,20253,Hamburg,gymnasium-hoheluft@bsb.hamburg.de,http://www.gymnasium-hoheluft.de,563766.741,5937529.166,staatl.,GY,GY,GTS ohne Träger,,5,317,0,0,317,0,,
565166.303,5937788.228,C_2015_Schulen_SekI.133,id5c00b2ed-3069-457a-92c0-8f48b1ae7ad5,340,5844,Gymnasium Eppendorf,45010,Hegestraße,35,20249,Hamburg,Gymnasium-Eppendorf@bsb.hamburg.de,http://www.gymnasium-eppendorf.de,565166.303,5937788.228,staatl.,GY,GY,GTS ohne Träger,,6,869,0,0,672,197,,
580948.881,5927849.01599999983,C_2015_Schulen_SekI.134,id91754535-9f0d-41e5-ac9d-bb311e158154,341,5845,Hansa-Gymnasium Bergedorf,76007,Hermann-Distel-Straße,25,21029,Hamburg,hansa-gymnasium-bergedorf@bsb.hamburg.de,http://www.hansa-gymnasium.de,580948.881,5927849.016,staatl.,GY,GY,GTS ohne Träger,,5,784,0,0,577,207,,
563990.299,5936494.50399999972,C_2015_Schulen_SekI.135,idccbcc5fd-63be-4211-93cd-3b646eab9ab5,342,5846,Gymnasium Kaiser-Friedrich-Ufer,35020,Kaiser-Friedrich-Ufer,6,20259,Hamburg,Gymnasium-Kaiser-Friedrich-Ufer@bsb.hamburg.de,http://www.kaifu-gymnasium.de,563990.299,5936494.504,staatl.,GY,GY,GTS ohne Träger,,5,861,0,0,644,217,,
580094.911,5929084.109,C_2015_Schulen_SekI.136,id581435e5-77bd-4045-8975-c9fca4d86cd6,343,5847,Gymnasium Lohbrügge,75006,An der Twiete,23,21031,Hamburg,Gymnasium-Lohbruegge@bsb.hamburg.de,http://www.gyloh.de,580094.911,5929084.109,staatl.,GY,GY,GTS ohne Träger,,5,1092,0,0,828,264,,
581473.852,5927740.12799999956,C_2015_Schulen_SekI.137,idc99c18a7-ba1f-48cc-88b0-762041b2d0f0,344,5848,Luisen-Gymnasium Bergedorf,76008,Reinbeker Weg,76,21029,Hamburg,Luisen-Gymnasium-Bergedorf@bsb.hamburg.de,http://www.halloluise.de,581473.852,5927740.128,staatl.,GY,GY,GTS ohne Träger,,6,992,0,0,747,245,,
570596.827,5945691.91899999976,C_2015_Schulen_SekI.138,idf080c5df-8f2d-4e55-bddf-91de11069030,345,5849,Carl-von-Ossietzky-Gymnasium,67010,Müssenredder,59,22399,Hamburg,Carl-von-Ossietzky-Gymnasium@bsb.hamburg.de,http://www.cvo-hamburg.de,570596.827,5945691.919,staatl.,GY,GY,GTS ohne Träger,,5,979,0,0,720,259,,
572767.464,5946129.37799999956,C_2015_Schulen_SekI.139,idc4294eee-e7d6-4bdf-a1f3-73fd7c8769a7,346,5850,Gymnasium Oberalster,66001,Alsterredder,26,22395,Hamburg,gymnasium-oberalster@bsb.hamburg.de,http://www.gymnasium-oberalster.de,572767.464,5946129.378,staatl.,GY,GY,GTS ohne Träger,,5,843,0,0,642,201,,
569359.629,5934474.484,C_2015_Schulen_SekI.140,idaba252f7-e2c9-4275-97e8-2fbf163149da,347,5853,Gymnasium Hamm,9001,Ebelingplatz,8,20537,Hamburg,gymnasium-hamm@bsb.hamburg.de,http://www.gyha.de,569359.629,5934474.484,staatl.,GY,GY,GTS ohne Träger,,2,621,0,0,480,141,,
557995.327,5931765.803,C_2015_Schulen_SekI.141,id33099ab3-006c-40be-a8c2-f828b0472c98,348,5856,Gymnasium Finkenwerder,20007,Norderschulweg,18,21129,Hamburg,gymnasium-finkenwerder@bsb.hamburg.de,http://www.gymfi.de,557995.327,5931765.803,staatl.,GY,GY,GTS ohne Träger,,5,451,0,0,341,110,,
560338.344,5940281.797,C_2015_Schulen_SekI.142,id79e64932-bdf0-4d9e-b672-59f5eed190f4,349,5859,Gymnasium Dörpsweg,42014,Dörpsweg,10,22527,Hamburg,gymnasium-doerpsweg@bsb.hamburg.de,http://www.doerpsweg.de,560338.344,5940281.797,staatl.,GY,GY,GTS ohne Träger,,5,686,0,0,532,154,,
561227.338,5939469.654,C_2015_Schulen_SekI.143,id16f9d38c-7cd3-49b2-a009-873cedfb2ad7,350,5860,Albrecht-Thaer-Gymnasium,43001,Wegenkamp,3,22527,Hamburg,albrecht-thaer-gymnasium@bsb.hamburg.de,http://www.hh.schule.de/ath,561227.338,5939469.654,staatl.,GY,GY,GTS ohne Träger,,5,661,0,0,497,164,,
571414.96,5936502.53899999987,C_2015_Schulen_SekI.144,idbd8dd0c7-7155-4c49-b92c-17ba87422e40,351,5862,Charlotte-Paulsen-Gymnasium,58012,Neumann-Reichardt-Straße,20,22041,Hamburg,Charlotte-Paulsen-Gymnasium@bsb.hamburg.de,http://www.cpg-hamburg.de,571414.96,5936502.539,staatl.,GY,GY,GTS ohne Träger,,5,897,0,0,676,221,,
564367.234,5936222.824,C_2015_Schulen_SekI.145,idaa8835e2-cbd5-4b51-9789-7ef36d6687a8,352,5863,Emilie-Wüstenfeld-Gymnasium,35026,Bundesstraße,78,20144,Hamburg,emilie-wuestenfeld-gymnasium@bsb.hamburg.de,http://www.ewg-hamburg.de,564367.234,5936222.824,staatl.,GY,GY,GTS ohne Träger,,5,959,0,0,727,232,,
564535.811,5936529.07,C_2015_Schulen_SekI.146,ide7367e91-94c1-49e1-b2fd-2fd9b25ad19e,353,5864,Helene Lange Gymnasium,37005,Bogenstraße,32,20144,Hamburg,helene-lange-gymnasium@bsb.hamburg.de,http://www.hlg-hamburg.de,564535.811,5936529.07,staatl.,GY,GY,GTS ohne Träger,,5,905,0,0,666,239,,
567909.928,5934586.78699999955,C_2015_Schulen_SekI.147,idb394163a-09eb-4a57-9f9b-5e18d3a92fbd,354,5866,Gymnasium Klosterschule,5006,Westphalensweg,7,20099,Hamburg,gymnasium-klosterschule@bsb.hamburg.de,http://www.klosterschule-hamburg.de,567909.928,5934586.787,staatl.,GY,GY,GTS ohne Träger,,5,972,0,0,674,298,,
568159.422,5936043.569,C_2015_Schulen_SekI.148,id7b15628b-8cdc-4e8e-8983-e4bdbdb8adeb,355,5868,Gymnasium Lerchenfeld,49009,Finkenau,42,22081,Hamburg,gymnasium-lerchenfeld@bsb.hamburg.de,http://www.gyle.de,568159.422,5936043.569,staatl.,GY,GY,GTS ohne Träger,,4,789,0,0,641,148,,
575826.35,5939723.484,C_2015_Schulen_SekI.149,id483bed6a-5584-4f37-949c-9fe377730bdf,356,5869,Gymnasium Rahlstedt,74018,Scharbeutzer Straße,36,22147,Hamburg,Gymnasium-Rahlstedt@bsb.hamburg.de,http://www.gymnasium-rahlstedt.de,575826.35,5939723.484,staatl.,GY,GY,GTS ohne Träger,,5,876,0,0,681,195,,
565991.503,5936587.199,C_2015_Schulen_SekI.150,ide6c9621e-1e96-4dc3-9337-54ea2f873e4e,357,5872,Wilhelm-Gymnasium,37008,Klosterstieg,17,20149,Hamburg,wilhelm-gymnasium@bsb.hamburg.de,http://www.wilhelm-gymnasium.de,565991.503,5936587.199,staatl.,GY,GY,GTS ohne Träger,,6,687,0,0,493,194,,
562329.641,5934407.72499999963,C_2015_Schulen_SekI.151,id5a1d74fc-0524-4e16-becb-f190c221e1f7,358,5881,Gymnasium Allee,23011,Max-Brauer-Allee,83,22765,Hamburg,gymnasium-allee@bsb.hamburg.de,http://www.gymnasium-allee.de/,562329.641,5934407.725,staatl.,GY,GY,GTS ohne Träger,,4,909,0,0,726,183,,
562091.48,5941916.785,C_2015_Schulen_SekI.152,id04a0b5be-0334-4d9d-bf6e-e9e9beadbcfa,359,5882,Gymnasium Bondenwald,40015,Bondenwald,14,22453,Hamburg,Gymnasium-Bondenwald@bsb.hamburg.de,http://www.gymnasium-bondenwald.de,562091.48,5941916.785,staatl.,GY,GY,GTS ohne Träger,,6,903,0,0,685,218,,
573423.804,5940929.67399999965,C_2015_Schulen_SekI.153,idcd020b06-2200-4f53-a884-21489d92c5f6,360,5885,Gymnasium Farmsen,62008,Swebenhöhe,50,22159,Hamburg,gymnasium-farmsen@bsb.hamburg.de,http://www.gymnasium-farmsen.de,573423.804,5940929.674,staatl.,GY,GY,GTS ohne Träger,,4,663,0,0,490,173,,
566590.674,5938372.829,C_2015_Schulen_SekI.154,id824e8e71-6f81-4732-b38f-082f282b53b3,361,5886,Gelehrtenschule des Johanneums,48014,Maria-Louisen-Straße,114,22301,Hamburg,Gelehrtenschule-des-Johanneums@bsb.hamburg.de,http://www.johanneum-hamburg.de,566590.674,5938372.829,staatl.,GY,GY,GTS ohne Träger,,6,823,0,0,636,187,,
558046.975,5934261.222,C_2015_Schulen_SekI.155,idc548dfdf-a6cc-42bb-8a8c-75980adf80c8,362,5887,Gymnasium Hochrad,27001,Hochrad,2,22605,Hamburg,gymnasium-hochrad@bsb.hamburg.de,http://www.hochrad.de,558046.975,5934261.222,staatl.,GY,GY,GTS ohne Träger,,6,955,0,0,718,237,,
566093.997,5940034.326,C_2015_Schulen_SekI.156,id12daeeb3-b251-46b1-b411-79ee7da7b474,363,5888,Heilwig-Gymnasium,47004,Wilhelm-Metzger-Straße,4,22297,Hamburg,Heilwig-Gymnasium@bsb.hamburg.de,http://www.heilwig.de,566093.997,5940034.326,staatl.,GY,GY,GTS ohne Träger,,5,795,0,0,628,167,,
576116.361,5942402.586,C_2015_Schulen_SekI.157,id9500371f-4bd7-4ee0-b700-3568711ebf32,364,5890,Gymnasium Meiendorf,74012,Schierenberg,60,22145,Hamburg,gymnasium-meiendorf@bsb.hamburg.de,http://www.gymei.de,576116.361,5942402.586,staatl.,GY,GY,GTS ohne Träger,,5,995,0,0,779,216,,
558518.82,5934318.491,C_2015_Schulen_SekI.158,idd84a3779-e626-40ce-bb74-471b4b70e562,365,5891,Gymnasium Othmarschen,27002,Walderseestraße,99,22605,Hamburg,gymnasium-othmarschen@bsb.hamburg.de,http://www.gymnasium-othmarschen.de,558518.82,5934318.491,staatl.,GY,GY,GTS ohne Träger,,6,991,0,0,776,215,,
570930.299,5946812.81099999975,C_2015_Schulen_SekI.159,id6d0ee1a1-bdc1-4002-8c2a-d6c368cad491,366,5894,Heinrich-Heine-Gymnasium,67004,Harksheider Straße,70,22399,Hamburg,heinrich-heine-gymnasium@bsb.hamburg.de,http://www.heinegym.de,570930.299,5946812.811,staatl.,GY,GY,GTS ohne Träger,,6,835,0,0,679,156,,
572572.816,5942919.66299999971,C_2015_Schulen_SekI.160,id36287cd4-d122-41ca-86b7-0915eb930003,367,5895,Gymnasium Grootmoor,63003,Am Damm,47,22175,Hamburg,Gymnasium-Grootmoor@bsb.hamburg.de,http://www.grootmoor.de,572572.816,5942919.663,staatl.,GY,GY,GTS ohne Träger,,6,1256,0,0,930,326,,
575331.556,5950014.79899999965,C_2015_Schulen_SekI.161,idf665cce3-a215-4d44-90e3-23acf0ded626,368,5896,Gymnasium Ohlstedt,71003,Sthamerstraße,55,22397,Hamburg,gymnasium-ohlstedt@bsb.hamburg.de,http://www.gymnasium-ohlstedt.de/,575331.556,5950014.799,staatl.,GY,GY,GTS ohne Träger,,6,742,0,0,547,195,,
572363.283,5939595.30399999954,C_2015_Schulen_SekI.162,id1e23a13b-c5db-47a0-a319-820af5f151df,369,5897,Gymnasium Osterbek,63019,Turnierstieg,24,22179,Hamburg,gymnasium-osterbek@bsb.hamburg.de,http://www.osterbek.de,572363.283,5939595.304,staatl.,GY,GY,GTS ohne Träger,,5,680,0,0,529,151,,
573286.893,5935885.985,C_2015_Schulen_SekI.163,idbaa6a08b-5d3a-402a-a418-e17781b6fdb0,370,5898,Gymnasium Marienthal,59004,Holstenhofweg,86,22043,Hamburg,Gymnasium-Marienthal@bsb.hamburg.de,http://www.Gymnasium-Marienthal.de,573286.893,5935885.985,staatl.,GY,GY,GTS ohne Träger,,3,907,0,0,728,179,,
568810.592,5944788.36799999978,C_2015_Schulen_SekI.164,id2ca2c621-8ced-4dc3-bf71-a23146654fa7,371,5899,Gymnasium Hummelsbüttel,68004,Hummelsbüttler Hauptstraße,107,22339,Hamburg,Gymnasium-Hummelsbuettel@bsb.hamburg.de,http://www.gymnasium-hummelsbuettel.de,568810.592,5944788.368,staatl.,GY,GY,GTS ohne Träger,,4,690,0,0,537,153,,
567458.031,5934057.02599999961,C_2015_Schulen_SekI.165,id674c6fe5-f394-4b71-bc1d-e1564479dda1,372,7703,Privates Gymnasium Brecht,5009,Norderstraße,163,20097,Hamburg,info@brecht-schulen.de,http://www.brecht-schulen.de,567458.031,5934057.026,privat,GY,GYp,GTS ohne Träger,Brecht-Schulen GmbH,-1,475,0,0,325,150,,
575012.033,5948035.694,C_2015_Schulen_SekI.166,id52b43ef0-45bf-4cd5-8c58-5df6d582f6a6,373,7706,Christophorus-Schule,72002,Bergstedter Chaussee,205,22395,Hamburg,schule@christophorus-hamburg.de,http://www.christophorus-hamburg.de,575012.033,5948035.694,privat,SO,SOp,GTS ohne Träger,Christophorus-Schulverein in Hamburg e.V.,-1,161,0,39,96,26,PrSt,
557054.804,5934063.744,C_2015_Schulen_SekI.167,id6422712c-ad8a-47d8-b748-0cd3fab53934,374,7707,Raphael-Schule,30004,Quellental,25,22609,Hamburg,sekretariat@raphael-schule-hamburg.de,http://www.raphael-schule-hamburg.de,557054.804,5934063.744,privat,SO,SOp,GTS ohne Träger,Raphael-Schule e.V. Verein zur Förderung der anthroposophischen Heilpädagogik im Hamburger Westen,-1,114,0,24,68,22,PrSt,
567458.031,5934057.02599999961,C_2015_Schulen_SekI.168,ide8c7f725-3681-452a-b3b0-c2583c27c711,376,7714,Private Stadtteilschule Brecht,5009,Norderstraße,163,20097,Hamburg,info@brecht-schulen.de,http://www.brecht-schulen.de,567458.031,5934057.026,privat,STS,STSp,GTS ohne Träger,Brecht-Schulen GmbH,-1,237,0,0,166,71,,
567362.312,5934793.849,C_2015_Schulen_SekI.169,idae4387c1-4009-452f-ae21-27929255cc13,378,7801,Stadtteilschule St. Georg,5005,Rostocker Straße,62,20099,Hamburg,info@st-georg-schulen.de,http://www.st-georg-schulen.de,567362.312,5934793.849,privat,STS,STSp,GTS ohne Träger,Privatschulpädagogische Gesellschaft mbH,-1,135,0,0,135,0,,
578168.596,5938761.954,C_2015_Schulen_SekI.170,idc08fb4c4-bfaa-477e-94c6-ff54d60f7134,380,7910,Neue Schule Hamburg,74031,Schimmelreiterweg,11,22149,Hamburg,info@neue-schule-hamburg.org,http://www.infoneue-Schule-Hamburg.org,578168.596,5938761.954,privat,STS,STSp,GTS ohne Träger,Neue Schule Hamburg e.V.,-1,79,0,25,54,0,PrSt,
569380.748,5939201.588,C_2015_Schulen_SekI.171,id5c96dead-1cb0-4caa-a008-4618f85c9020,382,7915,Alsterring Gymnasium,53011,Wittenkamp,15,22307,Hamburg,info@alsterring-gymnasium.de,http://www.alsterring-gymnasium.de,569380.748,5939201.588,privat,GY,GYp,GTS ohne Träger,Alsterbildungsring e.V.,-1,105,0,0,80,25,,
564749.924,5940118.91299999971,C_2015_Schulen_SekI.172,idd4712124-81d9-46b8-80c1-3253308eaf2c,387,7921,Moderne Schule Hamburg (Gymnasium),46007,Brödermannsweg,17,22453,Hamburg,info@moderne-schule-hamburg.de,,564749.924,5940118.913,privat,GY,GYp,unbekannt,Moderne Schule Hamburg gGmbH (MSH),-1,72,0,0,72,0,,
568426.622,5938135.56,C_2015_Schulen_SekI.173,id0ac0cf7b-7629-4558-bab6-86fc3a317413,388,7924,OKO Private School Talent-Schule Hamburg,53023,Saarlandstraße,30,22303,Hamburg,info@talent-schule.com,http://www.talent-schule.com,568426.622,5938135.56,privat,GY,GYp,unbekannt,OKO Private School Talent-Schule Hamburg EFF e.V.,-1,83,0,0,51,32,,
563259.0,5939906.64699999988,C_2015_Schulen_SekI.174,id56459855-67ec-4987-9ef8-cb8c0c012cdd,389,8003,Lycée Français de Hambourg 'Antoine de St. Exupéry' (Gymnasium),39003,Hartsprung,23,22529,Hamburg,info@lfh.de,http://www.lfh.de,563421.187,5939906.647,privat,GY,GYp,unbekannt,Verein der Eltern und Freunde des Lycée Français de Hambourg e.V.,-1,377,0,0,288,89,,
565146.744,5935981.051,C_2015_Schulen_SekI.175,ideec634f9-0c8e-4b15-865b-c2327b3616c7,391,8007,Joseph-Carlebach-Schule (Stadtteilschule),36007,Grindelhof,30,20146,Hamburg,info@jcsh.de,http://www.jcsh.de,565146.744,5935981.051,privat,STS,STSp,GTS ohne Träger,Jüdische Gemeinde Hamburg,-1,61,0,0,61,0,,
568133.248,5936538.406,C_2015_Schulen_SekI.176,id30973f82-5e0b-4786-9a08-fcbdb61ccf12,393,8012,August-Hermann-Francke-Schule Uhlenhorst,51015,Bachstraße,13,22083,Hamburg,info@ahfs-hamburg.de,,568133.248,5936538.406,privat,STS,STSp,GTS ohne Träger,Freie Christliche Bekenntnisschule Hamburg e.V.,-1,324,0,0,212,112,,
563421.187,5939906.64699999988,C_2015_Schulen_SekI.177,id8803e658-d586-4f87-b5f8-b9d6d1bc6fed,394,8013,Lycée Français de Hambourg 'Antoine de St. Exupéry' (Grundschule),39003,Hartsprung,23,22529,Hamburg,info@lfh.de,,563421.187,5939906.647,privat,G,Gp,GBS (immer mit Träger),Verein der Eltern und Freunde des Lycée Français de Hambourg e.V.,-1,360,0,296,64,0,PrSt,
560119.975,5935173.27,C_2015_Schulen_SekI.178,idecded070-bfea-4993-b315-66c1e11383bf,395,8014,August-Hermann-Francke-Schule Bahrenfeld,25015,Händelstraße,11,22761,Hamburg,info@ahfs-hamburg.de,,560119.975,5935173.27,privat,G,Gp,GTS ohne Träger,Freie Christliche Bekenntnisschule Hamburg e.V.,-1,90,0,72,18,0,PrSt,
574585.808,5939925.22499999963,C_2015_Schulen_SekI.179,id06c3a785-7ff2-4a63-9475-f6a58d035daa,398,8101,Rudolf-Steiner-Schule Wandsbek,62012,Rahlstedter Weg,60,22159,Hamburg,schule@waldorfschule-wandsbek.de,http://www.waldorfschule-wandsbek.de/,574585.808,5939925.225,privat,STS,STSp,unbekannt,Rudolf Steiner Schulverein Wandsbek e.V.,-1,860,0,278,404,178,PrSt,
556696.914,5933690.194,C_2015_Schulen_SekI.180,id051de1c5-6a19-47b1-8bff-32a0f218ec3e,399,8102,Rudolf-Steiner-Schule Nienstedten,30004,Elbchaussee,366,22609,Hamburg,mail@waldorfschule-nienstedten.de,http://www.waldorfschule-nienstedten.de,556696.914,5933690.194,privat,STS,STSp,unbekannt,Rudolf Steiner Schule Nienstedten e.V.,-1,477,0,154,228,95,PrSt,
570424.889,5936170.8,C_2015_Schulen_SekI.181,id65eaf2b2-3c2f-4b95-96a5-827663a0819f,400,8106,Friedrich-Robbe-Institut,59001,Bärenallee,15,22041,Hamburg,mail@robbe-institut.de,http://www.friedrich-robbe-institut.de,570424.889,5936170.8,privat,SO,SOp,GTS ohne Träger,Friedrich-Robbe-Institut e.V.,-1,89,0,26,44,19,PrSt,
575029.142,5948109.416,C_2015_Schulen_SekI.182,idf0ba490d-1915-4cc7-b542-fa195c78295d,401,8112,Rudolf-Steiner-Schule Bergstedt,72002,Bergstedter Chaussee,207,22395,Hamburg,info@steinerschule-bergstedt.de,http://www.steinerschule-bergstedt.de,575029.142,5948109.416,privat,STS,STSp,GTS ohne Träger,Rudolf Steiner Schule Bergstedt e.V.,-1,463,0,144,220,99,PrSt,
561088.562,5933912.93099999987,C_2015_Schulen_SekI.183,idcbe8f717-1a4c-429a-bc83-08aeabaaefb1,402,8113,Rudolf-Steiner-Schule Altona,24011,Bleickenallee,1,22763,Hamburg,mail@waldorfschule-altona.de,http://www.waldorfschule-altona.de/,561088.562,5933912.931,privat,STS,STSp,unbekannt,Rudolf Steiner Schule Altona e.V.,-1,400,0,129,190,81,PrSt,
559208.268,5923948.785,C_2015_Schulen_SekI.184,id2459bb9e-25ea-4c34-b2b2-a89c6279189a,403,8114,Rudolf-Steiner-Schule Harburg,100009,Ehestorfer Heuweg,82,21149,Hamburg,mail@rudolfsteinerschule-harburg.de,,559208.268,5923948.785,privat,STS,STSp,unbekannt,Rudolf Steiner Schule Harburg e.V.,-1,450,0,145,219,86,PrSt,
580740.045,5926926.99899999984,C_2015_Schulen_SekI.185,id00306a09-6945-41eb-9f82-cfd38d21cae7,404,8115,Rudolf-Steiner-Schule Bergedorf,76013,Am Brink,7,21029,Hamburg,email@waldorfschule-bergedorf.de,,580740.045,5926926.999,privat,STS,STSp,GTS ohne Träger,Rudolf Steiner Schule Bergedorf e.V.,-1,416,0,132,208,76,PrSt,
563704.054,5924463.103,C_2015_Schulen_SekI.186,id580db9d3-6aed-4063-b553-a1756d16b0f7,405,8117,Michael Schule,97008,Woellmerstraße,1,21075,Hamburg,mail@michaelschule.net,,563704.054,5924463.103,privat,SO,SOp,GTS ohne Träger,Michael Schule Harburg e.V.,-1,93,0,12,60,21,PrSt,
574343.931,5942711.09,C_2015_Schulen_SekI.187,id63f8130d-c955-4252-b91c-a91c2136efb4,406,8118,Haus des Lernens,62002,Lienaustraße,14,22159,Hamburg,schule-hh@haus-des-lernens.org,,574343.931,5942711.09,privat,STS,STSp,unbekannt,Die Schul- und Lern- Gemeinschaft Hamburg e.V.,-1,17,0,0,17,0,,
570868.867,5934553.497,C_2015_Schulen_SekI.188,id707b2abd-eae9-44fc-95c8-c7e59bb13967,407,8201,Wichern-Schule (Stadtteilschule),11006,Horner Weg,164,22111,Hamburg,wichern-schule@rauheshaus.de,http://www.wichern-schule.de,570868.867,5934553.497,privat,STS,STSp,GTS ohne Träger,Stiftung Das Rauhe Haus,3,510,0,0,490,20,,
570868.867,5934553.497,C_2015_Schulen_SekI.189,id42f76084-1e07-48f0-9487-de2e04c852da,408,8202,Wichern-Schule (Gymnasium),11006,Horner Weg,164,22111,Hamburg,wichern-schule@rauheshaus.de,http://www.wichern-schule.de,570868.867,5934553.497,privat,GY,GYp,GTS ohne Träger,Stiftung Das Rauhe Haus,5,629,0,0,428,201,,
556602.608,5935188.72499999963,C_2015_Schulen_SekI.190,ida729de23-da98-4b39-9b36-a2c60f20478b,410,8301,Jenisch-Gymnasium,29011,Jenischstraße,48,22609,Hamburg,info@jenisch-gymnasium.de,http://www.jenisch-gymnasium.de/,556602.608,5935188.725,privat,GY,GYp,GTS ohne Träger,Privatschulpädagogische Gesellschaft mbH,-1,304,0,0,235,69,,
568045.675,5933664.109,C_2015_Schulen_SekI.191,ida9d5397f-39f6-4d82-b8b1-aa62dbfcdd0b,411,8302,Bilinguales Gymnasium Phorms Hamburg,6004,Wendenstraße,35,20097,Hamburg,hamburg@phorms.de,http://www.hamburg.phorms.de,568045.675,5933664.109,privat,GY,GYp,unbekannt,Phorms Hamburg gGmbH,-1,84,0,0,84,0,,
563420.265,5935669.518,C_2015_Schulen_SekI.192,id3cdf8604-0305-4f8e-866d-841e59216375,413,8501,Christian- Morgenstern- Schule (Stadtteilschule),35022,Heinrichstraße,14,22769,Hamburg,mail@innerestadt.de,,563420.265,5935669.518,privat,STS,STSp,unbekannt,Verein Freie Schule und Kita Hamburg innere Stadt e.V.,-1,116,0,0,116,0,,
567990.295,5941534.989,C_2015_Schulen_SekI.193,idd74ebe24-116e-4c0f-9d33-24130376285a,414,8502,Zukunftsschule Alsterpalais (Stadtteilschule),47003,Alsterdorfer Straße,523,22337,Hamburg,primar.alsterpalais@flachsland-hamburg.de,http://www.flachsland-hamburg.de,567990.295,5941534.989,privat,STS,STSp,unbekannt,Flachsland Zukunftsschulen Gemeinnützige  GmbH,-1,49,0,0,49,0,,
